t_rel,phase,hbm_alloc_gib,hbm_peak_gib,host_used_gib,nvml_used_gib
3.07,init,0.0,0.0,3.548,0.687
3.572,sglang:subprocess,0.0,0.0,3.755,0.687
4.072,sglang:subprocess,0.0,0.0,3.807,0.687
4.573,sglang:subprocess,0.0,0.0,3.833,0.687
5.074,sglang:subprocess,0.0,0.0,3.874,0.687
5.575,sglang:subprocess,0.0,0.0,3.899,0.687
6.075,sglang:subprocess,0.0,0.0,3.926,0.687
6.576,sglang:subprocess,0.0,0.0,3.935,0.687
7.077,sglang:subprocess,0.0,0.0,3.943,0.687
7.577,sglang:subprocess,0.0,0.0,3.945,0.687
8.078,sglang:subprocess,0.0,0.0,3.947,0.687
8.579,sglang:subprocess,0.0,0.0,3.941,0.687
9.079,sglang:subprocess,0.0,0.0,3.945,0.687
9.58,sglang:subprocess,0.0,0.0,3.964,0.687
10.081,sglang:subprocess,0.0,0.0,3.988,0.687
10.581,sglang:subprocess,0.0,0.0,4.01,0.687
11.082,sglang:subprocess,0.0,0.0,4.041,0.687
11.583,sglang:subprocess,0.0,0.0,4.079,0.687
12.083,sglang:subprocess,0.0,0.0,4.102,0.687
12.584,sglang:subprocess,0.0,0.0,4.129,0.687
13.085,sglang:subprocess,0.0,0.0,4.158,0.687
13.586,sglang:subprocess,0.0,0.0,4.178,0.687
14.086,sglang:subprocess,0.0,0.0,4.186,0.687
14.587,sglang:subprocess,0.0,0.0,4.208,0.687
15.088,sglang:subprocess,0.0,0.0,4.222,0.687
15.588,sglang:subprocess,0.0,0.0,4.224,0.687
16.089,sglang:subprocess,0.0,0.0,4.224,0.687
16.59,sglang:subprocess,0.0,0.0,4.225,0.687
17.09,sglang:subprocess,0.0,0.0,4.228,0.687
17.591,sglang:subprocess,0.0,0.0,4.241,0.687
18.092,sglang:subprocess,0.0,0.0,4.257,0.687
18.593,sglang:subprocess,0.0,0.0,4.272,0.687
19.093,sglang:subprocess,0.0,0.0,4.326,0.687
19.594,sglang:subprocess,0.0,0.0,4.335,0.687
20.094,sglang:subprocess,0.0,0.0,4.353,0.687
20.595,sglang:subprocess,0.0,0.0,4.362,0.687
21.096,sglang:subprocess,0.0,0.0,4.363,0.687
21.596,sglang:subprocess,0.0,0.0,4.377,0.687
22.097,sglang:subprocess,0.0,0.0,4.399,0.687
22.598,sglang:subprocess,0.0,0.0,4.404,0.687
23.099,sglang:subprocess,0.0,0.0,4.406,0.687
23.599,sglang:subprocess,0.0,0.0,4.41,0.687
24.1,sglang:subprocess,0.0,0.0,4.413,0.687
24.601,sglang:subprocess,0.0,0.0,4.413,0.687
25.101,sglang:subprocess,0.0,0.0,4.413,0.687
25.602,sglang:subprocess,0.0,0.0,4.431,0.687
26.103,sglang:subprocess,0.0,0.0,4.587,0.687
26.603,sglang:subprocess,0.0,0.0,4.691,0.687
27.104,sglang:subprocess,0.0,0.0,4.718,0.687
27.605,sglang:subprocess,0.0,0.0,4.76,0.687
28.106,sglang:subprocess,0.0,0.0,4.788,0.687
28.606,sglang:subprocess,0.0,0.0,4.815,0.687
29.107,sglang:subprocess,0.0,0.0,4.827,0.687
29.608,sglang:subprocess,0.0,0.0,4.834,0.687
30.108,sglang:subprocess,0.0,0.0,4.836,0.687
30.609,sglang:subprocess,0.0,0.0,4.837,0.687
31.11,sglang:subprocess,0.0,0.0,4.837,0.687
31.61,sglang:subprocess,0.0,0.0,4.856,0.687
32.111,sglang:subprocess,0.0,0.0,4.885,0.687
32.612,sglang:subprocess,0.0,0.0,4.91,0.687
33.112,sglang:subprocess,0.0,0.0,4.952,0.687
33.613,sglang:subprocess,0.0,0.0,4.995,0.687
34.114,sglang:subprocess,0.0,0.0,5.039,0.687
34.615,sglang:subprocess,0.0,0.0,5.07,0.687
35.115,sglang:subprocess,0.0,0.0,5.078,0.687
35.616,sglang:subprocess,0.0,0.0,5.104,0.687
36.117,sglang:subprocess,0.0,0.0,5.088,0.687
36.617,sglang:subprocess,0.0,0.0,5.092,0.687
37.118,sglang:subprocess,0.0,0.0,5.092,0.687
37.619,sglang:subprocess,0.0,0.0,5.094,0.687
38.119,sglang:subprocess,0.0,0.0,5.101,0.687
38.62,sglang:subprocess,0.0,0.0,5.121,0.687
39.121,sglang:subprocess,0.0,0.0,5.137,0.687
39.622,sglang:subprocess,0.0,0.0,5.195,0.687
40.122,sglang:subprocess,0.0,0.0,5.207,0.687
40.623,sglang:subprocess,0.0,0.0,5.223,0.687
41.124,sglang:subprocess,0.0,0.0,5.23,0.687
41.624,sglang:subprocess,0.0,0.0,5.235,0.687
42.125,sglang:subprocess,0.0,0.0,5.551,1.615
42.626,sglang:subprocess,0.0,0.0,5.572,1.615
43.126,sglang:subprocess,0.0,0.0,5.578,1.615
43.627,sglang:subprocess,0.0,0.0,5.58,1.615
44.128,sglang:subprocess,0.0,0.0,5.584,1.615
44.629,sglang:subprocess,0.0,0.0,5.585,1.615
45.129,sglang:subprocess,0.0,0.0,5.585,1.615
45.63,sglang:subprocess,0.0,0.0,5.586,1.615
46.131,sglang:subprocess,0.0,0.0,5.607,1.615
46.631,sglang:subprocess,0.0,0.0,5.895,1.615
47.132,sglang:subprocess,0.0,0.0,6.286,1.615
47.633,sglang:subprocess,0.0,0.0,6.498,1.615
48.133,sglang:subprocess,0.0,0.0,6.67,1.615
48.634,sglang:subprocess,0.0,0.0,6.841,1.615
49.135,sglang:subprocess,0.0,0.0,7.012,1.615
49.636,sglang:subprocess,0.0,0.0,7.183,1.615
50.136,sglang:subprocess,0.0,0.0,7.352,1.615
50.637,sglang:subprocess,0.0,0.0,7.524,1.615
51.138,sglang:subprocess,0.0,0.0,7.696,1.615
51.638,sglang:subprocess,0.0,0.0,7.868,1.615
52.139,sglang:subprocess,0.0,0.0,8.042,1.615
52.64,sglang:subprocess,0.0,0.0,8.213,1.615
53.14,sglang:subprocess,0.0,0.0,8.386,1.615
53.641,sglang:subprocess,0.0,0.0,8.556,1.615
54.142,sglang:subprocess,0.0,0.0,8.728,1.615
54.643,sglang:subprocess,0.0,0.0,8.902,1.615
55.144,sglang:subprocess,0.0,0.0,9.074,1.615
55.644,sglang:subprocess,0.0,0.0,9.246,1.615
56.145,sglang:subprocess,0.0,0.0,9.416,1.615
56.646,sglang:subprocess,0.0,0.0,9.587,1.615
57.146,sglang:subprocess,0.0,0.0,9.761,1.615
57.647,sglang:subprocess,0.0,0.0,9.933,1.615
58.148,sglang:subprocess,0.0,0.0,10.103,1.615
58.648,sglang:subprocess,0.0,0.0,10.277,1.615
59.149,sglang:subprocess,0.0,0.0,10.439,1.615
59.65,sglang:subprocess,0.0,0.0,10.612,1.615
60.151,sglang:subprocess,0.0,0.0,10.779,1.615
60.652,sglang:subprocess,0.0,0.0,10.955,1.615
61.152,sglang:subprocess,0.0,0.0,11.126,1.615
61.653,sglang:subprocess,0.0,0.0,11.295,1.615
62.154,sglang:subprocess,0.0,0.0,11.471,1.615
62.654,sglang:subprocess,0.0,0.0,11.642,1.615
63.155,sglang:subprocess,0.0,0.0,11.812,1.615
63.656,sglang:subprocess,0.0,0.0,11.986,1.615
64.156,sglang:subprocess,0.0,0.0,12.157,1.615
64.657,sglang:subprocess,0.0,0.0,12.328,1.615
65.158,sglang:subprocess,0.0,0.0,12.5,1.615
65.659,sglang:subprocess,0.0,0.0,12.675,1.615
66.159,sglang:subprocess,0.0,0.0,12.846,1.615
66.66,sglang:subprocess,0.0,0.0,13.016,1.615
67.161,sglang:subprocess,0.0,0.0,13.19,1.615
67.661,sglang:subprocess,0.0,0.0,13.359,1.615
68.162,sglang:subprocess,0.0,0.0,13.526,1.615
68.663,sglang:subprocess,0.0,0.0,13.701,1.615
69.163,sglang:subprocess,0.0,0.0,13.873,1.615
69.664,sglang:subprocess,0.0,0.0,14.045,1.615
70.165,sglang:subprocess,0.0,0.0,14.216,1.615
70.666,sglang:subprocess,0.0,0.0,14.389,1.615
71.166,sglang:subprocess,0.0,0.0,14.565,1.615
71.667,sglang:subprocess,0.0,0.0,14.732,1.615
72.168,sglang:subprocess,0.0,0.0,14.905,1.615
72.668,sglang:subprocess,0.0,0.0,15.071,1.615
73.169,sglang:subprocess,0.0,0.0,15.306,1.615
73.67,sglang:subprocess,0.0,0.0,15.5,1.615
74.171,sglang:subprocess,0.0,0.0,15.67,1.615
74.671,sglang:subprocess,0.0,0.0,15.844,1.615
75.172,sglang:subprocess,0.0,0.0,16.019,1.615
75.673,sglang:subprocess,0.0,0.0,16.19,1.615
76.174,sglang:subprocess,0.0,0.0,16.361,1.615
76.674,sglang:subprocess,0.0,0.0,16.532,1.615
77.175,sglang:subprocess,0.0,0.0,16.706,1.615
77.676,sglang:subprocess,0.0,0.0,16.874,1.615
78.176,sglang:subprocess,0.0,0.0,17.043,1.615
78.677,sglang:subprocess,0.0,0.0,17.214,1.615
79.178,sglang:subprocess,0.0,0.0,17.386,1.615
79.679,sglang:subprocess,0.0,0.0,17.557,1.615
80.179,sglang:subprocess,0.0,0.0,17.729,1.615
80.68,sglang:subprocess,0.0,0.0,17.902,1.615
81.181,sglang:subprocess,0.0,0.0,18.075,1.615
81.682,sglang:subprocess,0.0,0.0,18.247,1.615
82.182,sglang:subprocess,0.0,0.0,18.424,1.615
82.683,sglang:subprocess,0.0,0.0,18.595,1.615
83.184,sglang:subprocess,0.0,0.0,18.766,1.615
83.684,sglang:subprocess,0.0,0.0,18.938,1.615
84.185,sglang:subprocess,0.0,0.0,19.111,1.615
84.686,sglang:subprocess,0.0,0.0,19.281,1.615
85.186,sglang:subprocess,0.0,0.0,19.453,1.615
85.687,sglang:subprocess,0.0,0.0,19.617,1.615
86.188,sglang:subprocess,0.0,0.0,19.789,1.615
86.689,sglang:subprocess,0.0,0.0,19.96,1.615
87.19,sglang:subprocess,0.0,0.0,20.125,1.615
87.69,sglang:subprocess,0.0,0.0,20.299,1.615
88.191,sglang:subprocess,0.0,0.0,20.471,1.615
88.692,sglang:subprocess,0.0,0.0,20.644,1.615
89.192,sglang:subprocess,0.0,0.0,20.815,1.615
89.693,sglang:subprocess,0.0,0.0,20.987,1.615
90.194,sglang:subprocess,0.0,0.0,21.161,1.615
90.694,sglang:subprocess,0.0,0.0,21.33,1.615
91.195,sglang:subprocess,0.0,0.0,21.502,1.615
91.696,sglang:subprocess,0.0,0.0,21.673,1.615
92.197,sglang:subprocess,0.0,0.0,21.852,1.615
92.698,sglang:subprocess,0.0,0.0,22.023,1.615
93.198,sglang:subprocess,0.0,0.0,22.194,1.615
93.699,sglang:subprocess,0.0,0.0,22.366,1.615
94.2,sglang:subprocess,0.0,0.0,22.538,1.615
94.7,sglang:subprocess,0.0,0.0,22.713,1.615
95.201,sglang:subprocess,0.0,0.0,22.885,1.615
95.702,sglang:subprocess,0.0,0.0,23.056,1.615
96.202,sglang:subprocess,0.0,0.0,23.228,1.615
96.703,sglang:subprocess,0.0,0.0,23.4,1.615
97.204,sglang:subprocess,0.0,0.0,23.572,1.615
97.705,sglang:subprocess,0.0,0.0,23.742,1.615
98.205,sglang:subprocess,0.0,0.0,23.917,1.615
98.707,sglang:subprocess,0.0,0.0,24.081,1.615
99.207,sglang:subprocess,0.0,0.0,24.243,1.615
99.708,sglang:subprocess,0.0,0.0,24.413,1.615
100.209,sglang:subprocess,0.0,0.0,24.584,1.615
100.709,sglang:subprocess,0.0,0.0,24.757,1.615
101.21,sglang:subprocess,0.0,0.0,24.928,1.615
101.711,sglang:subprocess,0.0,0.0,25.098,1.615
102.212,sglang:subprocess,0.0,0.0,25.278,1.615
102.713,sglang:subprocess,0.0,0.0,25.448,1.615
103.213,sglang:subprocess,0.0,0.0,25.619,1.615
103.714,sglang:subprocess,0.0,0.0,25.794,1.615
104.215,sglang:subprocess,0.0,0.0,25.966,1.615
104.715,sglang:subprocess,0.0,0.0,26.136,1.615
105.216,sglang:subprocess,0.0,0.0,26.309,1.615
105.717,sglang:subprocess,0.0,0.0,26.481,1.615
106.217,sglang:subprocess,0.0,0.0,26.652,1.615
106.718,sglang:subprocess,0.0,0.0,26.823,1.615
107.219,sglang:subprocess,0.0,0.0,26.994,1.615
107.72,sglang:subprocess,0.0,0.0,27.166,1.615
108.221,sglang:subprocess,0.0,0.0,27.332,1.615
108.721,sglang:subprocess,0.0,0.0,27.504,1.615
109.222,sglang:subprocess,0.0,0.0,27.677,1.615
109.723,sglang:subprocess,0.0,0.0,27.85,1.615
110.223,sglang:subprocess,0.0,0.0,28.024,1.615
110.724,sglang:subprocess,0.0,0.0,28.194,1.615
111.225,sglang:subprocess,0.0,0.0,28.366,1.615
111.725,sglang:subprocess,0.0,0.0,28.538,1.615
112.226,sglang:subprocess,0.0,0.0,28.706,1.615
112.727,sglang:subprocess,0.0,0.0,28.878,1.615
113.228,sglang:subprocess,0.0,0.0,29.049,1.615
113.729,sglang:subprocess,0.0,0.0,29.219,1.615
114.229,sglang:subprocess,0.0,0.0,29.39,1.615
114.73,sglang:subprocess,0.0,0.0,29.561,1.615
115.231,sglang:subprocess,0.0,0.0,29.732,1.615
115.731,sglang:subprocess,0.0,0.0,29.905,1.615
116.232,sglang:subprocess,0.0,0.0,30.081,1.615
116.733,sglang:subprocess,0.0,0.0,30.248,1.615
117.233,sglang:subprocess,0.0,0.0,30.42,1.615
117.734,sglang:subprocess,0.0,0.0,30.59,1.615
118.235,sglang:subprocess,0.0,0.0,30.76,1.615
118.736,sglang:subprocess,0.0,0.0,30.932,1.615
119.237,sglang:subprocess,0.0,0.0,31.104,1.615
119.737,sglang:subprocess,0.0,0.0,31.275,1.615
120.238,sglang:subprocess,0.0,0.0,31.417,1.615
120.739,sglang:subprocess,0.0,0.0,31.59,1.615
121.239,sglang:subprocess,0.0,0.0,31.76,1.615
121.74,sglang:subprocess,0.0,0.0,31.931,1.615
122.241,sglang:subprocess,0.0,0.0,32.108,1.615
122.742,sglang:subprocess,0.0,0.0,32.28,1.615
123.243,sglang:subprocess,0.0,0.0,32.454,1.615
123.743,sglang:subprocess,0.0,0.0,32.625,1.615
124.244,sglang:subprocess,0.0,0.0,32.795,1.615
124.745,sglang:subprocess,0.0,0.0,32.968,1.615
125.246,sglang:subprocess,0.0,0.0,33.14,1.615
125.746,sglang:subprocess,0.0,0.0,33.308,1.615
126.247,sglang:subprocess,0.0,0.0,33.482,1.615
126.748,sglang:subprocess,0.0,0.0,33.655,1.615
127.248,sglang:subprocess,0.0,0.0,33.826,1.615
127.749,sglang:subprocess,0.0,0.0,33.995,1.615
128.25,sglang:subprocess,0.0,0.0,34.166,1.615
128.751,sglang:subprocess,0.0,0.0,34.33,1.615
129.251,sglang:subprocess,0.0,0.0,34.501,1.615
129.752,sglang:subprocess,0.0,0.0,34.672,1.615
130.253,sglang:subprocess,0.0,0.0,34.845,1.615
130.753,sglang:subprocess,0.0,0.0,35.015,1.615
131.254,sglang:subprocess,0.0,0.0,35.188,1.615
131.755,sglang:subprocess,0.0,0.0,35.357,1.615
132.255,sglang:subprocess,0.0,0.0,35.536,1.615
132.756,sglang:subprocess,0.0,0.0,35.708,1.615
133.257,sglang:subprocess,0.0,0.0,35.884,1.615
133.758,sglang:subprocess,0.0,0.0,36.056,1.615
134.259,sglang:subprocess,0.0,0.0,36.228,1.615
134.759,sglang:subprocess,0.0,0.0,36.399,1.615
135.26,sglang:subprocess,0.0,0.0,36.572,1.615
135.761,sglang:subprocess,0.0,0.0,36.747,1.615
136.261,sglang:subprocess,0.0,0.0,36.916,1.615
136.762,sglang:subprocess,0.0,0.0,37.086,1.615
137.263,sglang:subprocess,0.0,0.0,37.257,1.615
137.763,sglang:subprocess,0.0,0.0,37.429,1.615
138.264,sglang:subprocess,0.0,0.0,37.593,1.615
138.765,sglang:subprocess,0.0,0.0,37.757,1.615
139.266,sglang:subprocess,0.0,0.0,37.929,1.615
139.766,sglang:subprocess,0.0,0.0,38.102,1.615
140.267,sglang:subprocess,0.0,0.0,38.272,1.615
140.768,sglang:subprocess,0.0,0.0,38.448,1.615
141.268,sglang:subprocess,0.0,0.0,38.621,1.615
141.769,sglang:subprocess,0.0,0.0,38.791,1.615
142.27,sglang:subprocess,0.0,0.0,38.968,1.615
142.77,sglang:subprocess,0.0,0.0,39.139,1.615
143.271,sglang:subprocess,0.0,0.0,39.311,1.615
143.772,sglang:subprocess,0.0,0.0,39.484,1.615
144.273,sglang:subprocess,0.0,0.0,39.655,1.615
144.774,sglang:subprocess,0.0,0.0,39.825,1.615
145.274,sglang:subprocess,0.0,0.0,39.997,1.615
145.775,sglang:subprocess,0.0,0.0,40.168,1.615
146.276,sglang:subprocess,0.0,0.0,40.344,1.615
146.776,sglang:subprocess,0.0,0.0,40.519,1.615
147.277,sglang:subprocess,0.0,0.0,40.678,1.615
147.778,sglang:subprocess,0.0,0.0,40.852,1.615
148.278,sglang:subprocess,0.0,0.0,41.023,1.615
148.779,sglang:subprocess,0.0,0.0,41.196,1.615
149.28,sglang:subprocess,0.0,0.0,41.367,1.615
149.781,sglang:subprocess,0.0,0.0,41.538,1.615
150.281,sglang:subprocess,0.0,0.0,41.71,1.615
150.782,sglang:subprocess,0.0,0.0,41.883,1.615
151.283,sglang:subprocess,0.0,0.0,42.055,1.615
151.783,sglang:subprocess,0.0,0.0,42.225,1.615
152.284,sglang:subprocess,0.0,0.0,42.396,1.615
152.785,sglang:subprocess,0.0,0.0,42.57,1.615
153.286,sglang:subprocess,0.0,0.0,42.739,1.615
153.786,sglang:subprocess,0.0,0.0,42.909,1.615
154.287,sglang:subprocess,0.0,0.0,43.082,1.615
154.788,sglang:subprocess,0.0,0.0,43.257,1.615
155.289,sglang:subprocess,0.0,0.0,43.428,1.615
155.789,sglang:subprocess,0.0,0.0,43.601,1.615
156.29,sglang:subprocess,0.0,0.0,43.772,1.615
156.791,sglang:subprocess,0.0,0.0,43.935,1.615
157.291,sglang:subprocess,0.0,0.0,44.106,1.615
157.792,sglang:subprocess,0.0,0.0,44.278,1.615
158.293,sglang:subprocess,0.0,0.0,44.45,1.615
158.794,sglang:subprocess,0.0,0.0,44.62,1.615
159.294,sglang:subprocess,0.0,0.0,44.793,1.615
159.795,sglang:subprocess,0.0,0.0,44.964,1.615
160.296,sglang:subprocess,0.0,0.0,45.134,1.615
160.797,sglang:subprocess,0.0,0.0,45.309,1.615
161.297,sglang:subprocess,0.0,0.0,45.481,1.615
161.798,sglang:subprocess,0.0,0.0,45.651,1.615
162.299,sglang:subprocess,0.0,0.0,45.831,1.615
162.799,sglang:subprocess,0.0,0.0,46.005,1.615
163.3,sglang:subprocess,0.0,0.0,46.173,1.615
163.801,sglang:subprocess,0.0,0.0,46.347,1.615
164.301,sglang:subprocess,0.0,0.0,46.517,1.615
164.802,sglang:subprocess,0.0,0.0,46.692,1.615
165.303,sglang:subprocess,0.0,0.0,46.847,1.615
165.804,sglang:subprocess,0.0,0.0,47.026,1.615
166.305,sglang:subprocess,0.0,0.0,47.197,1.615
166.805,sglang:subprocess,0.0,0.0,47.371,1.615
167.306,sglang:subprocess,0.0,0.0,47.541,1.615
167.807,sglang:subprocess,0.0,0.0,47.712,1.615
168.307,sglang:subprocess,0.0,0.0,47.877,1.615
168.808,sglang:subprocess,0.0,0.0,48.049,1.615
169.309,sglang:subprocess,0.0,0.0,48.225,1.615
169.809,sglang:subprocess,0.0,0.0,48.396,1.615
170.31,sglang:subprocess,0.0,0.0,48.566,1.615
170.811,sglang:subprocess,0.0,0.0,48.738,1.615
171.312,sglang:subprocess,0.0,0.0,48.911,1.615
171.812,sglang:subprocess,0.0,0.0,49.082,1.615
172.313,sglang:subprocess,0.0,0.0,49.26,1.615
172.814,sglang:subprocess,0.0,0.0,49.431,1.615
173.314,sglang:subprocess,0.0,0.0,49.604,1.615
173.815,sglang:subprocess,0.0,0.0,49.775,1.615
174.316,sglang:subprocess,0.0,0.0,49.946,1.615
174.817,sglang:subprocess,0.0,0.0,50.116,1.615
175.318,sglang:subprocess,0.0,0.0,50.291,1.615
175.818,sglang:subprocess,0.0,0.0,50.465,1.615
176.319,sglang:subprocess,0.0,0.0,50.638,1.615
176.82,sglang:subprocess,0.0,0.0,50.808,1.615
177.32,sglang:subprocess,0.0,0.0,50.98,1.615
177.821,sglang:subprocess,0.0,0.0,51.153,1.615
178.322,sglang:subprocess,0.0,0.0,51.324,1.615
178.823,sglang:subprocess,0.0,0.0,51.486,1.615
179.323,sglang:subprocess,0.0,0.0,51.653,1.615
179.824,sglang:subprocess,0.0,0.0,51.824,1.615
180.325,sglang:subprocess,0.0,0.0,51.995,1.615
180.826,sglang:subprocess,0.0,0.0,52.169,1.615
181.326,sglang:subprocess,0.0,0.0,52.34,1.615
181.827,sglang:subprocess,0.0,0.0,52.511,1.615
182.328,sglang:subprocess,0.0,0.0,52.687,1.615
182.829,sglang:subprocess,0.0,0.0,52.859,1.615
183.329,sglang:subprocess,0.0,0.0,53.031,1.615
183.83,sglang:subprocess,0.0,0.0,53.201,1.615
184.331,sglang:subprocess,0.0,0.0,53.372,1.615
184.831,sglang:subprocess,0.0,0.0,53.543,1.615
185.332,sglang:subprocess,0.0,0.0,53.715,1.615
185.833,sglang:subprocess,0.0,0.0,53.866,1.615
186.334,sglang:subprocess,0.0,0.0,54.056,1.615
186.834,sglang:subprocess,0.0,0.0,54.226,1.615
187.335,sglang:subprocess,0.0,0.0,54.396,1.615
187.836,sglang:subprocess,0.0,0.0,54.569,1.615
188.337,sglang:subprocess,0.0,0.0,54.736,1.615
188.837,sglang:subprocess,0.0,0.0,54.909,1.615
189.338,sglang:subprocess,0.0,0.0,55.081,1.615
189.839,sglang:subprocess,0.0,0.0,55.252,1.615
190.339,sglang:subprocess,0.0,0.0,55.422,1.615
190.84,sglang:subprocess,0.0,0.0,55.595,1.615
191.341,sglang:subprocess,0.0,0.0,55.768,1.615
191.842,sglang:subprocess,0.0,0.0,55.937,1.615
192.342,sglang:subprocess,0.0,0.0,56.112,1.615
192.843,sglang:subprocess,0.0,0.0,56.281,1.615
193.344,sglang:subprocess,0.0,0.0,56.454,1.615
193.845,sglang:subprocess,0.0,0.0,56.564,1.615
194.345,sglang:subprocess,0.0,0.0,56.735,1.615
194.846,sglang:subprocess,0.0,0.0,56.908,1.615
195.347,sglang:subprocess,0.0,0.0,57.079,1.615
195.847,sglang:subprocess,0.0,0.0,57.252,1.615
196.349,sglang:subprocess,0.0,0.0,57.423,1.615
196.849,sglang:subprocess,0.0,0.0,57.594,1.615
197.35,sglang:subprocess,0.0,0.0,57.768,1.615
197.851,sglang:subprocess,0.0,0.0,57.936,1.615
198.351,sglang:subprocess,0.0,0.0,58.106,1.615
198.852,sglang:subprocess,0.0,0.0,58.277,1.615
199.353,sglang:subprocess,0.0,0.0,58.447,1.615
199.853,sglang:subprocess,0.0,0.0,58.618,1.615
200.354,sglang:subprocess,0.0,0.0,58.789,1.615
200.855,sglang:subprocess,0.0,0.0,58.959,1.615
201.355,sglang:subprocess,0.0,0.0,59.129,1.615
201.856,sglang:subprocess,0.0,0.0,59.305,1.615
202.357,sglang:subprocess,0.0,0.0,59.476,1.615
202.858,sglang:subprocess,0.0,0.0,59.647,1.615
203.359,sglang:subprocess,0.0,0.0,59.821,1.615
203.859,sglang:subprocess,0.0,0.0,59.993,1.615
204.36,sglang:subprocess,0.0,0.0,60.163,1.615
204.861,sglang:subprocess,0.0,0.0,60.336,1.615
205.361,sglang:subprocess,0.0,0.0,60.505,1.615
205.862,sglang:subprocess,0.0,0.0,60.676,1.615
206.363,sglang:subprocess,0.0,0.0,60.849,1.615
206.864,sglang:subprocess,0.0,0.0,61.019,1.615
207.364,sglang:subprocess,0.0,0.0,61.191,1.615
207.865,sglang:subprocess,0.0,0.0,61.364,1.615
208.366,sglang:subprocess,0.0,0.0,61.54,1.615
208.867,sglang:subprocess,0.0,0.0,61.712,1.615
209.367,sglang:subprocess,0.0,0.0,61.882,1.615
209.868,sglang:subprocess,0.0,0.0,62.051,1.615
210.369,sglang:subprocess,0.0,0.0,62.221,1.615
210.869,sglang:subprocess,0.0,0.0,62.393,1.615
211.37,sglang:subprocess,0.0,0.0,62.565,1.615
211.871,sglang:subprocess,0.0,0.0,62.739,1.615
212.372,sglang:subprocess,0.0,0.0,62.913,1.615
212.872,sglang:subprocess,0.0,0.0,63.082,1.615
213.373,sglang:subprocess,0.0,0.0,63.255,1.615
213.874,sglang:subprocess,0.0,0.0,63.428,1.615
214.375,sglang:subprocess,0.0,0.0,63.599,1.615
214.875,sglang:subprocess,0.0,0.0,63.772,1.615
215.376,sglang:subprocess,0.0,0.0,63.942,1.615
215.877,sglang:subprocess,0.0,0.0,64.113,1.615
216.377,sglang:subprocess,0.0,0.0,64.285,1.615
216.878,sglang:subprocess,0.0,0.0,64.455,1.615
217.379,sglang:subprocess,0.0,0.0,64.625,1.615
217.88,sglang:subprocess,0.0,0.0,64.8,1.615
218.38,sglang:subprocess,0.0,0.0,64.968,1.615
218.881,sglang:subprocess,0.0,0.0,65.139,1.615
219.382,sglang:subprocess,0.0,0.0,65.31,1.615
219.883,sglang:subprocess,0.0,0.0,65.478,1.615
220.383,sglang:subprocess,0.0,0.0,65.65,1.615
220.884,sglang:subprocess,0.0,0.0,65.825,1.615
221.385,sglang:subprocess,0.0,0.0,65.995,1.615
221.885,sglang:subprocess,0.0,0.0,66.165,1.615
222.386,sglang:subprocess,0.0,0.0,66.34,1.615
222.887,sglang:subprocess,0.0,0.0,66.51,1.615
223.388,sglang:subprocess,0.0,0.0,66.681,1.615
223.888,sglang:subprocess,0.0,0.0,66.856,1.615
224.389,sglang:subprocess,0.0,0.0,67.023,1.615
224.89,sglang:subprocess,0.0,0.0,67.194,1.615
225.39,sglang:subprocess,0.0,0.0,67.366,1.615
225.891,sglang:subprocess,0.0,0.0,67.54,1.615
226.392,sglang:subprocess,0.0,0.0,67.71,1.615
226.893,sglang:subprocess,0.0,0.0,67.882,1.615
227.393,sglang:subprocess,0.0,0.0,68.056,1.615
227.894,sglang:subprocess,0.0,0.0,68.229,1.615
228.395,sglang:subprocess,0.0,0.0,68.399,1.615
228.896,sglang:subprocess,0.0,0.0,68.57,1.615
229.396,sglang:subprocess,0.0,0.0,68.733,1.615
229.897,sglang:subprocess,0.0,0.0,68.905,1.615
230.398,sglang:subprocess,0.0,0.0,69.077,1.615
230.898,sglang:subprocess,0.0,0.0,69.247,1.615
231.399,sglang:subprocess,0.0,0.0,69.418,1.615
231.9,sglang:subprocess,0.0,0.0,69.589,1.615
232.401,sglang:subprocess,0.0,0.0,69.766,1.615
232.901,sglang:subprocess,0.0,0.0,69.939,1.615
233.402,sglang:subprocess,0.0,0.0,70.111,1.615
233.903,sglang:subprocess,0.0,0.0,70.281,1.615
234.404,sglang:subprocess,0.0,0.0,70.451,1.615
234.904,sglang:subprocess,0.0,0.0,70.624,1.615
235.405,sglang:subprocess,0.0,0.0,70.794,1.615
235.909,sglang:subprocess,0.0,0.0,70.981,1.615
236.41,sglang:subprocess,0.0,0.0,71.139,1.615
236.911,sglang:subprocess,0.0,0.0,71.311,1.615
237.411,sglang:subprocess,0.0,0.0,71.478,1.615
237.912,sglang:subprocess,0.0,0.0,71.65,1.615
238.413,sglang:subprocess,0.0,0.0,71.819,1.615
238.914,sglang:subprocess,0.0,0.0,71.991,1.615
239.415,sglang:subprocess,0.0,0.0,72.162,1.615
239.915,sglang:subprocess,0.0,0.0,72.334,1.615
240.416,sglang:subprocess,0.0,0.0,72.506,1.615
240.917,sglang:subprocess,0.0,0.0,72.678,1.615
241.417,sglang:subprocess,0.0,0.0,72.847,1.615
241.918,sglang:subprocess,0.0,0.0,73.017,1.615
242.419,sglang:subprocess,0.0,0.0,73.195,1.615
242.919,sglang:subprocess,0.0,0.0,73.365,1.615
243.42,sglang:subprocess,0.0,0.0,73.536,1.615
243.921,sglang:subprocess,0.0,0.0,73.707,1.615
244.422,sglang:subprocess,0.0,0.0,73.881,1.615
244.923,sglang:subprocess,0.0,0.0,74.052,1.615
245.423,sglang:subprocess,0.0,0.0,74.223,1.615
245.924,sglang:subprocess,0.0,0.0,74.397,1.615
246.425,sglang:subprocess,0.0,0.0,74.569,1.615
246.925,sglang:subprocess,0.0,0.0,74.738,1.615
247.426,sglang:subprocess,0.0,0.0,74.909,1.615
247.927,sglang:subprocess,0.0,0.0,75.081,1.615
248.427,sglang:subprocess,0.0,0.0,75.25,1.615
248.929,sglang:subprocess,0.0,0.0,75.416,1.615
249.429,sglang:subprocess,0.0,0.0,75.584,1.615
249.93,sglang:subprocess,0.0,0.0,75.758,1.615
250.431,sglang:subprocess,0.0,0.0,75.928,1.615
250.932,sglang:subprocess,0.0,0.0,76.1,1.615
251.432,sglang:subprocess,0.0,0.0,76.273,1.615
251.933,sglang:subprocess,0.0,0.0,76.449,1.615
252.434,sglang:subprocess,0.0,0.0,76.62,1.615
252.934,sglang:subprocess,0.0,0.0,76.792,1.615
253.435,sglang:subprocess,0.0,0.0,76.964,1.615
253.936,sglang:subprocess,0.0,0.0,77.135,1.615
254.437,sglang:subprocess,0.0,0.0,77.307,1.615
254.937,sglang:subprocess,0.0,0.0,77.478,1.615
255.438,sglang:subprocess,0.0,0.0,77.648,1.615
255.939,sglang:subprocess,0.0,0.0,77.826,1.615
256.44,sglang:subprocess,0.0,0.0,77.993,1.615
256.94,sglang:subprocess,0.0,0.0,78.162,1.615
257.441,sglang:subprocess,0.0,0.0,78.334,1.615
257.942,sglang:subprocess,0.0,0.0,78.512,1.615
258.442,sglang:subprocess,0.0,0.0,78.671,1.615
258.943,sglang:subprocess,0.0,0.0,78.842,1.615
259.444,sglang:subprocess,0.0,0.0,79.016,1.615
259.945,sglang:subprocess,0.0,0.0,79.195,1.615
260.445,sglang:subprocess,0.0,0.0,79.36,1.615
260.946,sglang:subprocess,0.0,0.0,79.533,1.615
261.447,sglang:subprocess,0.0,0.0,79.701,1.615
261.948,sglang:subprocess,0.0,0.0,79.878,1.615
262.449,sglang:subprocess,0.0,0.0,80.045,1.615
262.95,sglang:subprocess,0.0,0.0,80.06,2.186
263.451,sglang:subprocess,0.0,0.0,80.06,2.186
263.951,sglang:subprocess,0.0,0.0,80.061,2.186
264.452,sglang:subprocess,0.0,0.0,80.066,2.186
264.953,sglang:subprocess,0.0,0.0,80.191,2.186
265.454,sglang:subprocess,0.0,0.0,80.663,2.186
265.954,sglang:subprocess,0.0,0.0,80.98,2.188
266.455,sglang:subprocess,0.0,0.0,80.978,2.188
266.956,sglang:subprocess,0.0,0.0,81.524,2.188
267.456,sglang:subprocess,0.0,0.0,81.702,2.19
267.957,sglang:subprocess,0.0,0.0,81.705,2.19
268.458,sglang:subprocess,0.0,0.0,81.703,2.19
268.96,sglang:subprocess,0.0,0.0,81.878,2.19
269.461,sglang:subprocess,0.0,0.0,81.714,2.19
269.966,sglang:subprocess,0.0,0.0,81.984,2.19
270.467,sglang:subprocess,0.0,0.0,81.729,2.19
270.968,sglang:subprocess,0.0,0.0,81.784,2.19
271.468,sglang:subprocess,0.0,0.0,82.11,2.19
271.969,sglang:subprocess,0.0,0.0,82.482,2.19
272.47,sglang:subprocess,0.0,0.0,81.934,2.192
272.97,sglang:subprocess,0.0,0.0,82.069,2.192
273.473,sglang:subprocess,0.0,0.0,82.207,4.303
273.974,sglang:subprocess,0.0,0.0,82.394,4.303
274.476,sglang:subprocess,0.0,0.0,82.164,4.303
274.977,sglang:subprocess,0.0,0.0,82.36,4.303
275.486,sglang:subprocess,0.0,0.0,82.153,4.303
275.993,sglang:subprocess,0.0,0.0,82.289,4.303
276.501,sglang:subprocess,0.0,0.0,82.2,4.303
277.004,sglang:subprocess,0.0,0.0,82.297,4.303
277.51,sglang:subprocess,0.0,0.0,82.357,4.303
278.014,sglang:subprocess,0.0,0.0,82.377,4.303
278.515,sglang:subprocess,0.0,0.0,81.915,5.729
279.016,sglang:subprocess,0.0,0.0,81.918,6.082
279.516,sglang:subprocess,0.0,0.0,81.921,6.395
280.017,sglang:subprocess,0.0,0.0,82.36,7.504
280.518,sglang:subprocess,0.0,0.0,82.582,7.512
281.019,sglang:subprocess,0.0,0.0,82.584,7.512
281.52,sglang:subprocess,0.0,0.0,82.585,7.512
282.02,sglang:subprocess,0.0,0.0,82.586,7.512
282.521,sglang:subprocess,0.0,0.0,82.592,7.512
283.022,sglang:subprocess,0.0,0.0,82.592,7.512
283.522,sglang:subprocess,0.0,0.0,82.592,7.512
284.023,sglang:subprocess,0.0,0.0,82.591,7.512
284.524,sglang:subprocess,0.0,0.0,82.591,7.512
285.024,sglang:subprocess,0.0,0.0,82.613,7.512
285.525,sglang:subprocess,0.0,0.0,82.632,8.254
286.026,sglang:subprocess,0.0,0.0,83.221,11.01
286.527,sglang:subprocess,0.0,0.0,84.164,11.502
287.028,sglang:subprocess,0.0,0.0,84.163,11.502
287.528,sglang:subprocess,0.0,0.0,84.165,12.715
288.029,sglang:subprocess,0.0,0.0,84.16,12.715
288.53,sglang:subprocess,0.0,0.0,84.16,12.715
289.03,sglang:subprocess,0.0,0.0,84.16,12.715
289.531,sglang:subprocess,0.0,0.0,84.162,13.926
290.032,sglang:subprocess,0.0,0.0,84.163,13.926
290.532,sglang:subprocess,0.0,0.0,84.162,13.926
291.033,sglang:subprocess,0.0,0.0,84.164,13.926
291.534,sglang:subprocess,0.0,0.0,84.166,15.137
292.035,sglang:subprocess,0.0,0.0,84.169,15.137
292.535,sglang:subprocess,0.0,0.0,84.172,15.137
293.036,sglang:subprocess,0.0,0.0,84.172,15.137
293.537,sglang:subprocess,0.0,0.0,84.175,16.328
294.037,sglang:subprocess,0.0,0.0,84.175,16.328
294.538,sglang:subprocess,0.0,0.0,84.175,16.328
295.039,sglang:subprocess,0.0,0.0,84.175,16.328
295.539,sglang:subprocess,0.0,0.0,84.174,16.328
296.04,sglang:subprocess,0.0,0.0,84.179,17.539
296.541,sglang:subprocess,0.0,0.0,84.178,17.539
297.042,sglang:subprocess,0.0,0.0,84.178,17.539
297.543,sglang:subprocess,0.0,0.0,84.18,17.539
298.043,sglang:subprocess,0.0,0.0,84.181,18.731
298.544,sglang:subprocess,0.0,0.0,84.181,18.731
299.045,sglang:subprocess,0.0,0.0,84.176,18.731
299.545,sglang:subprocess,0.0,0.0,84.176,18.731
300.046,sglang:subprocess,0.0,0.0,84.177,19.922
300.547,sglang:subprocess,0.0,0.0,84.177,19.922
301.047,sglang:subprocess,0.0,0.0,84.178,19.922
301.548,sglang:subprocess,0.0,0.0,84.179,19.922
302.049,sglang:subprocess,0.0,0.0,84.182,21.133
302.55,sglang:subprocess,0.0,0.0,84.183,21.133
303.051,sglang:subprocess,0.0,0.0,84.184,21.133
303.551,sglang:subprocess,0.0,0.0,84.184,21.133
304.052,sglang:subprocess,0.0,0.0,84.183,22.344
304.553,sglang:subprocess,0.0,0.0,84.184,22.344
305.053,sglang:subprocess,0.0,0.0,84.184,22.344
305.554,sglang:subprocess,0.0,0.0,84.184,22.344
306.055,sglang:subprocess,0.0,0.0,84.186,23.557
306.556,sglang:subprocess,0.0,0.0,84.187,23.557
307.057,sglang:subprocess,0.0,0.0,84.187,23.557
307.557,sglang:subprocess,0.0,0.0,84.187,23.557
308.058,sglang:subprocess,0.0,0.0,84.185,24.748
308.559,sglang:subprocess,0.0,0.0,84.185,24.748
309.06,sglang:subprocess,0.0,0.0,84.185,24.748
309.56,sglang:subprocess,0.0,0.0,84.185,24.748
310.061,sglang:subprocess,0.0,0.0,84.186,25.94
310.562,sglang:subprocess,0.0,0.0,84.186,25.94
311.062,sglang:subprocess,0.0,0.0,84.188,25.94
311.563,sglang:subprocess,0.0,0.0,84.188,25.94
312.064,sglang:subprocess,0.0,0.0,84.191,27.151
312.565,sglang:subprocess,0.0,0.0,84.19,27.151
313.066,sglang:subprocess,0.0,0.0,84.191,27.151
313.566,sglang:subprocess,0.0,0.0,84.191,27.151
314.067,sglang:subprocess,0.0,0.0,84.192,28.361
314.568,sglang:subprocess,0.0,0.0,84.192,28.361
315.069,sglang:subprocess,0.0,0.0,84.192,28.361
315.569,sglang:subprocess,0.0,0.0,84.192,28.361
316.07,sglang:subprocess,0.0,0.0,84.194,29.553
316.571,sglang:subprocess,0.0,0.0,84.195,29.553
317.072,sglang:subprocess,0.0,0.0,84.196,29.553
317.573,sglang:subprocess,0.0,0.0,84.196,29.553
318.074,sglang:subprocess,0.0,0.0,84.19,29.553
318.574,sglang:subprocess,0.0,0.0,84.195,30.764
319.075,sglang:subprocess,0.0,0.0,84.196,30.764
319.576,sglang:subprocess,0.0,0.0,84.196,30.764
320.076,sglang:subprocess,0.0,0.0,84.195,30.764
320.577,sglang:subprocess,0.0,0.0,84.201,31.975
321.078,sglang:subprocess,0.0,0.0,84.201,31.975
321.578,sglang:subprocess,0.0,0.0,84.201,31.975
322.079,sglang:subprocess,0.0,0.0,84.207,31.975
322.58,sglang:subprocess,0.0,0.0,84.212,33.147
323.081,sglang:subprocess,0.0,0.0,84.213,33.147
323.581,sglang:subprocess,0.0,0.0,84.213,33.147
324.082,sglang:subprocess,0.0,0.0,84.201,33.147
324.583,sglang:subprocess,0.0,0.0,84.203,34.358
325.084,sglang:subprocess,0.0,0.0,84.203,34.358
325.584,sglang:subprocess,0.0,0.0,84.203,34.358
326.085,sglang:subprocess,0.0,0.0,84.205,34.358
326.586,sglang:subprocess,0.0,0.0,84.2,35.57
327.086,sglang:subprocess,0.0,0.0,84.199,35.57
327.587,sglang:subprocess,0.0,0.0,84.199,35.57
328.088,sglang:subprocess,0.0,0.0,84.2,35.57
328.589,sglang:subprocess,0.0,0.0,84.202,36.781
329.089,sglang:subprocess,0.0,0.0,84.201,36.781
329.59,sglang:subprocess,0.0,0.0,84.202,36.781
330.091,sglang:subprocess,0.0,0.0,84.201,36.781
330.591,sglang:subprocess,0.0,0.0,84.202,37.973
331.092,sglang:subprocess,0.0,0.0,84.203,37.973
331.593,sglang:subprocess,0.0,0.0,84.203,37.973
332.094,sglang:subprocess,0.0,0.0,84.207,37.973
332.594,sglang:subprocess,0.0,0.0,84.212,39.184
333.095,sglang:subprocess,0.0,0.0,84.212,39.184
333.596,sglang:subprocess,0.0,0.0,84.213,39.184
334.097,sglang:subprocess,0.0,0.0,84.21,39.184
334.597,sglang:subprocess,0.0,0.0,84.212,40.375
335.098,sglang:subprocess,0.0,0.0,84.212,40.375
335.599,sglang:subprocess,0.0,0.0,84.212,40.375
336.099,sglang:subprocess,0.0,0.0,84.214,40.375
336.6,sglang:subprocess,0.0,0.0,84.215,41.567
337.101,sglang:subprocess,0.0,0.0,84.215,41.567
337.601,sglang:subprocess,0.0,0.0,84.21,41.567
338.102,sglang:subprocess,0.0,0.0,84.168,41.567
338.603,sglang:subprocess,0.0,0.0,84.168,42.777
339.104,sglang:subprocess,0.0,0.0,84.17,42.777
339.604,sglang:subprocess,0.0,0.0,84.169,42.777
340.105,sglang:subprocess,0.0,0.0,84.17,42.777
340.606,sglang:subprocess,0.0,0.0,84.17,42.777
341.106,sglang:subprocess,0.0,0.0,84.173,43.988
341.607,sglang:subprocess,0.0,0.0,84.174,43.988
342.108,sglang:subprocess,0.0,0.0,84.179,43.988
342.608,sglang:subprocess,0.0,0.0,84.18,43.988
343.109,sglang:subprocess,0.0,0.0,84.181,45.199
343.61,sglang:subprocess,0.0,0.0,84.181,45.199
344.111,sglang:subprocess,0.0,0.0,84.181,45.199
344.612,sglang:subprocess,0.0,0.0,84.182,45.199
345.112,sglang:subprocess,0.0,0.0,84.185,46.391
345.613,sglang:subprocess,0.0,0.0,84.184,46.391
346.114,sglang:subprocess,0.0,0.0,84.184,46.391
346.614,sglang:subprocess,0.0,0.0,84.185,46.391
347.115,sglang:subprocess,0.0,0.0,84.185,47.584
347.616,sglang:subprocess,0.0,0.0,84.185,47.584
348.116,sglang:subprocess,0.0,0.0,84.181,47.584
348.617,sglang:subprocess,0.0,0.0,84.181,47.584
349.118,sglang:subprocess,0.0,0.0,84.182,48.795
349.619,sglang:subprocess,0.0,0.0,84.182,48.795
350.119,sglang:subprocess,0.0,0.0,84.181,48.795
350.62,sglang:subprocess,0.0,0.0,84.18,48.795
351.121,sglang:subprocess,0.0,0.0,84.183,50.006
351.621,sglang:subprocess,0.0,0.0,84.183,50.006
352.122,sglang:subprocess,0.0,0.0,84.186,50.006
352.623,sglang:subprocess,0.0,0.0,84.185,50.006
353.124,sglang:subprocess,0.0,0.0,84.188,51.197
353.624,sglang:subprocess,0.0,0.0,84.188,51.197
354.125,sglang:subprocess,0.0,0.0,84.187,51.197
354.626,sglang:subprocess,0.0,0.0,84.188,51.197
355.127,sglang:subprocess,0.0,0.0,84.189,52.408
355.627,sglang:subprocess,0.0,0.0,84.189,52.408
356.128,sglang:subprocess,0.0,0.0,84.221,52.408
356.629,sglang:subprocess,0.0,0.0,84.33,52.408
357.129,sglang:subprocess,0.0,0.0,84.199,53.619
357.63,sglang:subprocess,0.0,0.0,84.196,53.619
358.131,sglang:subprocess,0.0,0.0,84.185,53.619
358.632,sglang:subprocess,0.0,0.0,84.185,53.619
359.132,sglang:subprocess,0.0,0.0,84.186,54.791
359.633,sglang:subprocess,0.0,0.0,84.186,54.791
360.134,sglang:subprocess,0.0,0.0,84.186,54.791
360.635,sglang:subprocess,0.0,0.0,84.187,54.791
361.135,sglang:subprocess,0.0,0.0,84.191,56.002
361.636,sglang:subprocess,0.0,0.0,84.191,56.002
362.137,sglang:subprocess,0.0,0.0,84.191,56.002
362.637,sglang:subprocess,0.0,0.0,84.192,56.002
363.138,sglang:subprocess,0.0,0.0,84.192,56.002
363.639,sglang:subprocess,0.0,0.0,84.198,57.213
364.139,sglang:subprocess,0.0,0.0,84.197,57.213
364.64,sglang:subprocess,0.0,0.0,84.199,57.213
365.141,sglang:subprocess,0.0,0.0,84.198,57.213
365.642,sglang:subprocess,0.0,0.0,84.2,58.426
366.143,sglang:subprocess,0.0,0.0,84.201,58.426
366.643,sglang:subprocess,0.0,0.0,84.201,58.426
367.144,sglang:subprocess,0.0,0.0,84.202,58.426
367.645,sglang:subprocess,0.0,0.0,84.207,59.617
368.145,sglang:subprocess,0.0,0.0,84.208,59.617
368.646,sglang:subprocess,0.0,0.0,84.196,59.617
369.147,sglang:subprocess,0.0,0.0,84.196,59.617
369.647,sglang:subprocess,0.0,0.0,84.198,60.828
370.149,sglang:subprocess,0.0,0.0,84.197,60.828
370.649,sglang:subprocess,0.0,0.0,84.196,60.828
371.15,sglang:subprocess,0.0,0.0,84.197,60.828
371.651,sglang:subprocess,0.0,0.0,84.198,62.02
372.151,sglang:subprocess,0.0,0.0,84.201,62.02
372.652,sglang:subprocess,0.0,0.0,84.202,62.02
373.153,sglang:subprocess,0.0,0.0,84.203,62.02
373.653,sglang:subprocess,0.0,0.0,84.204,63.231
374.154,sglang:subprocess,0.0,0.0,84.268,63.231
374.655,sglang:subprocess,0.0,0.0,84.298,63.231
375.156,sglang:subprocess,0.0,0.0,84.298,63.231
375.657,sglang:subprocess,0.0,0.0,84.299,64.422
376.157,sglang:subprocess,0.0,0.0,84.292,64.422
376.658,sglang:subprocess,0.0,0.0,84.292,64.422
377.159,sglang:subprocess,0.0,0.0,84.296,64.422
377.659,sglang:subprocess,0.0,0.0,84.297,65.633
378.16,sglang:subprocess,0.0,0.0,84.293,65.633
378.661,sglang:subprocess,0.0,0.0,84.293,65.633
379.161,sglang:subprocess,0.0,0.0,84.294,65.633
379.662,sglang:subprocess,0.0,0.0,84.295,66.844
380.163,sglang:subprocess,0.0,0.0,84.296,66.844
380.664,sglang:subprocess,0.0,0.0,84.295,66.844
381.164,sglang:subprocess,0.0,0.0,84.297,66.844
381.665,sglang:subprocess,0.0,0.0,84.302,68.035
382.166,sglang:subprocess,0.0,0.0,84.308,68.035
382.667,sglang:subprocess,0.0,0.0,84.308,68.035
383.167,sglang:subprocess,0.0,0.0,84.309,68.035
383.668,sglang:subprocess,0.0,0.0,84.31,68.719
384.169,sglang:subprocess,0.0,0.0,84.325,73.621
384.676,sglang:subprocess,0.0,0.0,84.325,73.621
385.177,sglang:subprocess,0.0,0.0,84.325,73.621
385.678,sglang:subprocess,0.0,0.0,84.325,73.621
386.179,sglang:subprocess,0.0,0.0,84.326,73.621
386.679,sglang:subprocess,0.0,0.0,84.325,73.621
387.18,sglang:subprocess,0.0,0.0,84.326,73.621
387.681,sglang:subprocess,0.0,0.0,84.331,73.621
388.181,sglang:subprocess,0.0,0.0,84.329,73.621
388.682,sglang:subprocess,0.0,0.0,84.328,73.621
389.183,sglang:subprocess,0.0,0.0,84.324,73.621
389.683,sglang:subprocess,0.0,0.0,84.324,73.621
390.184,sglang:subprocess,0.0,0.0,84.323,73.621
390.685,sglang:subprocess,0.0,0.0,84.323,73.621
391.186,sglang:subprocess,0.0,0.0,84.324,73.621
391.686,sglang:subprocess,0.0,0.0,84.323,73.621
392.187,sglang:subprocess,0.0,0.0,84.327,73.621
392.688,sglang:subprocess,0.0,0.0,84.327,73.621
393.188,sglang:subprocess,0.0,0.0,84.328,73.621
393.689,sglang:subprocess,0.0,0.0,84.329,73.621
394.19,sglang:subprocess,0.0,0.0,84.329,73.621
394.69,sglang:subprocess,0.0,0.0,84.329,73.621
395.191,sglang:subprocess,0.0,0.0,84.33,73.621
395.692,sglang:subprocess,0.0,0.0,84.329,73.621
396.193,sglang:subprocess,0.0,0.0,84.331,73.621
396.693,sglang:subprocess,0.0,0.0,84.33,73.621
397.194,sglang:subprocess,0.0,0.0,84.33,73.621
397.695,sglang:subprocess,0.0,0.0,84.329,73.621
398.196,sglang:subprocess,0.0,0.0,84.324,73.621
398.696,sglang:subprocess,0.0,0.0,84.325,74.129
399.197,sglang:subprocess,0.0,0.0,84.325,74.129
399.698,sglang:subprocess,0.0,0.0,84.326,74.129
400.198,sglang:subprocess,0.0,0.0,84.324,74.129
400.699,sglang:subprocess,0.0,0.0,84.324,74.129
401.2,sglang:subprocess,0.0,0.0,84.325,74.129
401.701,sglang:subprocess,0.0,0.0,84.327,74.129
402.201,sglang:subprocess,0.0,0.0,84.327,74.129
402.702,sglang:subprocess,0.0,0.0,84.328,74.129
403.203,sglang:subprocess,0.0,0.0,84.328,74.129
403.703,sglang:subprocess,0.0,0.0,84.329,74.129
404.204,sglang:subprocess,0.0,0.0,84.329,74.129
404.705,sglang:subprocess,0.0,0.0,84.329,74.129
405.205,sglang:subprocess,0.0,0.0,84.33,74.129
405.706,sglang:subprocess,0.0,0.0,84.33,74.129
406.207,sglang:subprocess,0.0,0.0,84.33,74.129
406.708,sglang:subprocess,0.0,0.0,84.331,74.129
407.209,sglang:subprocess,0.0,0.0,84.327,74.129
407.709,sglang:subprocess,0.0,0.0,84.326,74.129
408.21,sglang:subprocess,0.0,0.0,84.326,74.129
408.711,sglang:subprocess,0.0,0.0,84.326,74.129
409.211,sglang:subprocess,0.0,0.0,84.326,74.129
409.712,sglang:subprocess,0.0,0.0,84.326,74.129
410.213,sglang:subprocess,0.0,0.0,84.326,74.129
410.713,sglang:subprocess,0.0,0.0,84.326,74.129
411.214,sglang:subprocess,0.0,0.0,84.326,74.129
411.715,sglang:subprocess,0.0,0.0,84.326,74.129
412.216,sglang:subprocess,0.0,0.0,84.331,74.129
412.716,sglang:subprocess,0.0,0.0,84.331,74.129
413.217,sglang:subprocess,0.0,0.0,84.331,74.129
413.718,sglang:subprocess,0.0,0.0,84.332,74.129
414.218,sglang:subprocess,0.0,0.0,84.333,74.129
414.719,sglang:subprocess,0.0,0.0,84.334,74.129
415.22,sglang:subprocess,0.0,0.0,84.333,74.129
415.72,sglang:subprocess,0.0,0.0,84.332,74.129
416.221,sglang:subprocess,0.0,0.0,84.333,74.129
416.722,sglang:subprocess,0.0,0.0,84.334,74.129
417.223,sglang:subprocess,0.0,0.0,84.334,74.129
417.724,sglang:subprocess,0.0,0.0,84.334,74.129
418.224,sglang:subprocess,0.0,0.0,84.327,74.129
418.725,sglang:subprocess,0.0,0.0,84.327,74.129
419.226,sglang:subprocess,0.0,0.0,84.327,74.129
419.726,sglang:subprocess,0.0,0.0,84.328,74.129
420.227,sglang:subprocess,0.0,0.0,84.329,74.129
420.728,sglang:subprocess,0.0,0.0,84.329,74.129
421.228,sglang:subprocess,0.0,0.0,84.329,74.129
421.729,sglang:subprocess,0.0,0.0,84.327,74.129
422.23,sglang:subprocess,0.0,0.0,84.332,74.129
422.731,sglang:subprocess,0.0,0.0,84.332,74.129
423.231,sglang:subprocess,0.0,0.0,84.332,74.129
423.732,sglang:subprocess,0.0,0.0,84.332,74.129
424.233,sglang:subprocess,0.0,0.0,84.332,74.129
424.734,sglang:subprocess,0.0,0.0,84.332,74.129
425.234,sglang:subprocess,0.0,0.0,84.332,74.129
425.735,sglang:subprocess,0.0,0.0,84.332,74.129
426.236,sglang:subprocess,0.0,0.0,84.333,74.129
426.736,sglang:subprocess,0.0,0.0,84.333,74.129
427.237,sglang:subprocess,0.0,0.0,84.333,74.129
427.738,sglang:subprocess,0.0,0.0,84.334,74.129
428.239,sglang:subprocess,0.0,0.0,84.328,74.129
428.739,sglang:subprocess,0.0,0.0,84.328,74.129
429.24,sglang:subprocess,0.0,0.0,84.328,74.129
429.741,sglang:subprocess,0.0,0.0,84.328,74.129
430.241,sglang:subprocess,0.0,0.0,84.328,74.129
430.742,sglang:subprocess,0.0,0.0,84.328,74.129
431.243,sglang:subprocess,0.0,0.0,84.331,74.129
431.743,sglang:subprocess,0.0,0.0,84.332,74.129
432.244,sglang:subprocess,0.0,0.0,84.336,74.129
432.745,sglang:subprocess,0.0,0.0,84.336,74.129
433.246,sglang:subprocess,0.0,0.0,84.336,74.129
433.747,sglang:subprocess,0.0,0.0,84.336,74.129
434.247,sglang:subprocess,0.0,0.0,84.339,74.129
434.748,sglang:subprocess,0.0,0.0,84.339,74.129
435.249,sglang:subprocess,0.0,0.0,84.339,74.129
435.749,sglang:subprocess,0.0,0.0,84.338,74.129
436.25,sglang:subprocess,0.0,0.0,84.337,74.129
436.751,sglang:subprocess,0.0,0.0,84.338,74.129
437.251,sglang:subprocess,0.0,0.0,84.338,74.129
437.752,sglang:subprocess,0.0,0.0,84.338,74.129
438.253,sglang:subprocess,0.0,0.0,84.337,74.129
438.754,sglang:subprocess,0.0,0.0,84.336,74.129
439.254,sglang:subprocess,0.0,0.0,84.332,74.129
439.755,sglang:subprocess,0.0,0.0,84.332,74.129
440.256,sglang:subprocess,0.0,0.0,84.332,74.129
440.757,sglang:subprocess,0.0,0.0,84.332,74.129
441.257,sglang:subprocess,0.0,0.0,84.332,74.129
441.758,sglang:subprocess,0.0,0.0,84.332,74.129
442.259,sglang:subprocess,0.0,0.0,84.332,74.129
442.759,sglang:subprocess,0.0,0.0,84.333,74.129
443.26,sglang:subprocess,0.0,0.0,84.333,74.129
443.761,sglang:subprocess,0.0,0.0,84.333,74.129
444.262,sglang:subprocess,0.0,0.0,84.333,74.129
444.762,sglang:subprocess,0.0,0.0,84.334,74.129
445.263,sglang:subprocess,0.0,0.0,84.334,74.129
445.764,sglang:subprocess,0.0,0.0,84.333,74.129
446.264,sglang:subprocess,0.0,0.0,84.334,74.129
446.765,sglang:subprocess,0.0,0.0,84.334,74.129
447.266,sglang:subprocess,0.0,0.0,84.334,74.129
447.766,sglang:subprocess,0.0,0.0,84.334,74.129
448.267,sglang:subprocess,0.0,0.0,84.335,74.129
448.768,sglang:subprocess,0.0,0.0,84.335,74.129
449.269,sglang:subprocess,0.0,0.0,84.332,74.129
449.769,sglang:subprocess,0.0,0.0,84.332,74.129
450.27,sglang:subprocess,0.0,0.0,84.331,74.129
450.771,sglang:subprocess,0.0,0.0,84.331,74.129
451.271,sglang:subprocess,0.0,0.0,84.331,74.129
451.772,sglang:subprocess,0.0,0.0,84.331,74.129
452.273,sglang:subprocess,0.0,0.0,84.334,74.129
452.774,sglang:subprocess,0.0,0.0,84.333,74.129
453.274,sglang:subprocess,0.0,0.0,84.334,74.129
453.775,sglang:subprocess,0.0,0.0,84.334,74.129
454.276,sglang:subprocess,0.0,0.0,84.334,74.129
454.777,sglang:subprocess,0.0,0.0,84.334,74.129
455.277,sglang:subprocess,0.0,0.0,84.334,74.129
455.778,sglang:subprocess,0.0,0.0,84.334,74.129
456.279,sglang:subprocess,0.0,0.0,84.336,74.129
456.779,sglang:subprocess,0.0,0.0,84.336,74.129
457.28,sglang:subprocess,0.0,0.0,84.336,74.129
457.781,sglang:subprocess,0.0,0.0,84.336,74.129
458.281,sglang:subprocess,0.0,0.0,84.334,74.129
458.782,sglang:subprocess,0.0,0.0,84.334,74.129
459.283,sglang:subprocess,0.0,0.0,84.334,74.129
459.784,sglang:subprocess,0.0,0.0,84.335,74.129
460.284,sglang:subprocess,0.0,0.0,84.333,74.129
460.785,sglang:subprocess,0.0,0.0,84.333,74.129
461.286,sglang:subprocess,0.0,0.0,84.333,74.129
461.786,sglang:subprocess,0.0,0.0,84.334,74.129
462.287,sglang:subprocess,0.0,0.0,84.338,74.129
462.788,sglang:subprocess,0.0,0.0,84.339,74.129
463.288,sglang:subprocess,0.0,0.0,84.339,74.129
463.789,sglang:subprocess,0.0,0.0,84.339,74.129
464.29,sglang:subprocess,0.0,0.0,84.338,74.129
464.791,sglang:subprocess,0.0,0.0,84.339,74.129
465.296,sglang:subprocess,0.0,0.0,84.34,74.129
465.797,sglang:subprocess,0.0,0.0,84.34,74.129
466.298,sglang:subprocess,0.0,0.0,84.34,74.129
466.798,sglang:subprocess,0.0,0.0,84.338,74.129
467.299,sglang:subprocess,0.0,0.0,84.338,74.129
467.8,sglang:subprocess,0.0,0.0,84.338,74.129
468.3,sglang:subprocess,0.0,0.0,84.332,74.129
468.801,sglang:subprocess,0.0,0.0,84.334,74.129
469.302,sglang:subprocess,0.0,0.0,84.334,74.129
469.803,sglang:subprocess,0.0,0.0,84.334,74.129
470.303,sglang:subprocess,0.0,0.0,84.333,74.129
470.804,sglang:subprocess,0.0,0.0,84.334,74.129
471.305,sglang:subprocess,0.0,0.0,84.334,74.129
471.806,sglang:subprocess,0.0,0.0,84.334,74.129
472.306,sglang:subprocess,0.0,0.0,84.337,74.129
472.807,sglang:subprocess,0.0,0.0,84.339,74.129
473.308,sglang:subprocess,0.0,0.0,84.339,74.129
473.808,sglang:subprocess,0.0,0.0,84.339,74.129
474.309,sglang:subprocess,0.0,0.0,84.34,74.129
474.81,sglang:subprocess,0.0,0.0,84.34,74.129
475.311,sglang:subprocess,0.0,0.0,84.34,74.129
475.811,sglang:subprocess,0.0,0.0,84.339,74.129
476.312,sglang:subprocess,0.0,0.0,84.338,74.129
476.813,sglang:subprocess,0.0,0.0,84.339,74.129
477.313,sglang:subprocess,0.0,0.0,84.339,74.129
477.814,sglang:subprocess,0.0,0.0,84.339,74.129
478.315,sglang:subprocess,0.0,0.0,84.335,74.129
478.815,sglang:subprocess,0.0,0.0,84.336,74.129
479.316,sglang:subprocess,0.0,0.0,84.336,74.129
479.817,sglang:subprocess,0.0,0.0,84.336,74.129
480.318,sglang:subprocess,0.0,0.0,84.337,74.129
480.818,sglang:subprocess,0.0,0.0,84.336,74.129
481.319,sglang:subprocess,0.0,0.0,84.336,74.129
481.82,sglang:subprocess,0.0,0.0,84.337,74.129
482.32,sglang:subprocess,0.0,0.0,84.34,74.129
482.821,sglang:subprocess,0.0,0.0,84.341,74.129
483.322,sglang:subprocess,0.0,0.0,84.34,74.129
483.822,sglang:subprocess,0.0,0.0,84.34,74.129
484.323,sglang:subprocess,0.0,0.0,84.339,74.129
484.824,sglang:subprocess,0.0,0.0,84.339,74.129
485.325,sglang:subprocess,0.0,0.0,84.339,74.129
485.825,sglang:subprocess,0.0,0.0,84.339,74.129
486.326,sglang:subprocess,0.0,0.0,84.338,74.129
486.827,sglang:subprocess,0.0,0.0,84.338,74.129
487.327,sglang:subprocess,0.0,0.0,84.338,74.129
487.828,sglang:subprocess,0.0,0.0,84.338,74.129
488.329,sglang:subprocess,0.0,0.0,84.337,74.129
488.83,sglang:subprocess,0.0,0.0,84.336,74.129
489.33,sglang:subprocess,0.0,0.0,84.336,74.129
489.831,sglang:subprocess,0.0,0.0,84.336,74.129
490.332,sglang:subprocess,0.0,0.0,84.336,74.129
490.833,sglang:subprocess,0.0,0.0,84.338,74.129
491.333,sglang:subprocess,0.0,0.0,84.336,74.129
491.834,sglang:subprocess,0.0,0.0,84.336,74.129
492.335,sglang:subprocess,0.0,0.0,84.34,74.129
492.835,sglang:subprocess,0.0,0.0,84.34,74.129
493.336,sglang:subprocess,0.0,0.0,84.341,74.129
493.837,sglang:subprocess,0.0,0.0,84.341,74.129
494.337,sglang:subprocess,0.0,0.0,84.34,74.129
494.838,sglang:subprocess,0.0,0.0,84.283,74.129
495.339,sglang:subprocess,0.0,0.0,84.284,74.129
495.84,sglang:subprocess,0.0,0.0,84.284,74.129
496.341,sglang:subprocess,0.0,0.0,84.283,74.129
496.841,sglang:subprocess,0.0,0.0,84.283,74.129
497.342,sglang:subprocess,0.0,0.0,84.282,74.129
497.843,sglang:subprocess,0.0,0.0,84.282,74.129
498.343,sglang:subprocess,0.0,0.0,84.282,74.129
498.844,sglang:subprocess,0.0,0.0,84.282,74.129
499.345,sglang:subprocess,0.0,0.0,84.275,74.129
499.845,sglang:subprocess,0.0,0.0,84.275,74.129
500.346,sglang:subprocess,0.0,0.0,84.275,74.129
500.847,sglang:subprocess,0.0,0.0,84.275,74.129
501.348,sglang:subprocess,0.0,0.0,84.276,74.129
501.848,sglang:subprocess,0.0,0.0,84.275,74.129
502.349,sglang:subprocess,0.0,0.0,84.28,74.129
502.85,sglang:subprocess,0.0,0.0,84.279,74.129
503.35,sglang:subprocess,0.0,0.0,84.28,74.129
503.851,sglang:subprocess,0.0,0.0,84.28,74.129
504.352,sglang:subprocess,0.0,0.0,84.28,74.129
504.852,sglang:subprocess,0.0,0.0,84.28,74.129
505.353,sglang:subprocess,0.0,0.0,84.278,74.129
505.854,sglang:subprocess,0.0,0.0,84.278,74.129
506.355,sglang:subprocess,0.0,0.0,84.278,74.129
506.855,sglang:subprocess,0.0,0.0,84.279,74.129
507.356,sglang:subprocess,0.0,0.0,84.276,74.129
507.857,sglang:subprocess,0.0,0.0,84.276,74.129
508.357,sglang:subprocess,0.0,0.0,84.275,74.129
508.858,sglang:subprocess,0.0,0.0,84.275,74.129
509.359,sglang:subprocess,0.0,0.0,84.276,74.129
509.859,sglang:subprocess,0.0,0.0,84.276,74.129
510.36,sglang:subprocess,0.0,0.0,84.275,74.129
510.861,sglang:subprocess,0.0,0.0,84.276,74.129
511.361,sglang:subprocess,0.0,0.0,84.277,74.129
511.862,sglang:subprocess,0.0,0.0,84.277,74.129
512.363,sglang:subprocess,0.0,0.0,84.281,74.129
512.864,sglang:subprocess,0.0,0.0,84.282,74.129
513.364,sglang:subprocess,0.0,0.0,84.282,74.129
513.865,sglang:subprocess,0.0,0.0,84.281,74.129
514.366,sglang:subprocess,0.0,0.0,84.281,74.129
514.866,sglang:subprocess,0.0,0.0,84.28,74.129
515.367,sglang:subprocess,0.0,0.0,84.281,74.129
515.868,sglang:subprocess,0.0,0.0,84.281,74.129
516.369,sglang:subprocess,0.0,0.0,84.281,74.129
516.87,sglang:subprocess,0.0,0.0,84.282,74.129
517.37,sglang:subprocess,0.0,0.0,84.283,74.129
517.871,sglang:subprocess,0.0,0.0,84.283,74.129
518.372,sglang:subprocess,0.0,0.0,84.274,74.129
518.872,sglang:subprocess,0.0,0.0,84.274,74.129
519.373,sglang:subprocess,0.0,0.0,84.276,74.129
519.874,sglang:subprocess,0.0,0.0,84.275,74.129
520.374,sglang:subprocess,0.0,0.0,84.275,74.129
520.875,sglang:subprocess,0.0,0.0,84.275,74.129
521.376,sglang:subprocess,0.0,0.0,84.275,74.129
521.876,sglang:subprocess,0.0,0.0,84.275,74.129
522.377,sglang:subprocess,0.0,0.0,84.28,74.129
522.878,sglang:subprocess,0.0,0.0,84.28,74.129
523.379,sglang:subprocess,0.0,0.0,84.28,74.129
523.879,sglang:subprocess,0.0,0.0,84.281,74.129
524.38,sglang:subprocess,0.0,0.0,84.281,74.129
524.881,sglang:subprocess,0.0,0.0,84.281,74.129
525.381,sglang:subprocess,0.0,0.0,84.281,74.129
525.882,sglang:subprocess,0.0,0.0,84.281,74.129
526.383,sglang:subprocess,0.0,0.0,84.28,74.129
526.883,sglang:subprocess,0.0,0.0,84.281,74.129
527.384,sglang:subprocess,0.0,0.0,84.281,74.129
527.885,sglang:subprocess,0.0,0.0,84.282,74.129
528.386,sglang:subprocess,0.0,0.0,84.274,74.129
528.886,sglang:subprocess,0.0,0.0,84.274,74.129
529.387,sglang:subprocess,0.0,0.0,84.274,74.129
529.888,sglang:subprocess,0.0,0.0,84.274,74.129
530.389,sglang:subprocess,0.0,0.0,84.273,74.129
530.889,sglang:subprocess,0.0,0.0,84.273,74.129
531.39,sglang:subprocess,0.0,0.0,84.273,74.129
531.89,sglang:subprocess,0.0,0.0,84.273,74.129
532.391,sglang:subprocess,0.0,0.0,84.277,74.129
532.892,sglang:subprocess,0.0,0.0,84.277,74.129
533.393,sglang:subprocess,0.0,0.0,84.277,74.129
533.894,sglang:subprocess,0.0,0.0,84.278,74.129
534.394,sglang:subprocess,0.0,0.0,84.28,74.129
534.895,sglang:subprocess,0.0,0.0,84.28,74.129
535.396,sglang:subprocess,0.0,0.0,84.28,74.129
535.896,sglang:subprocess,0.0,0.0,84.278,74.129
536.397,sglang:subprocess,0.0,0.0,84.281,74.129
536.898,sglang:subprocess,0.0,0.0,84.283,74.129
537.398,sglang:subprocess,0.0,0.0,84.283,74.129
537.899,sglang:subprocess,0.0,0.0,84.283,74.129
538.4,sglang:subprocess,0.0,0.0,84.283,74.129
538.901,sglang:subprocess,0.0,0.0,84.277,74.129
539.401,sglang:subprocess,0.0,0.0,84.277,74.129
539.902,sglang:subprocess,0.0,0.0,84.278,74.129
540.403,sglang:subprocess,0.0,0.0,84.278,74.129
540.903,sglang:subprocess,0.0,0.0,84.207,5.371
541.404,sglang:subprocess,0.0,0.0,84.391,5.377
541.905,sglang:subprocess,0.0,0.0,84.383,5.748
542.405,sglang:subprocess,0.0,0.0,84.385,6.002
542.906,sglang:subprocess,0.0,0.0,84.385,6.139
543.407,sglang:subprocess,0.0,0.0,84.385,6.256
543.908,sglang:subprocess,0.0,0.0,84.385,6.51
544.409,sglang:subprocess,0.0,0.0,84.385,6.627
544.909,sglang:subprocess,0.0,0.0,84.385,6.764
545.41,sglang:subprocess,0.0,0.0,84.385,6.998
545.911,sglang:subprocess,0.0,0.0,84.385,7.135
546.411,sglang:subprocess,0.0,0.0,84.386,7.389
546.912,sglang:subprocess,0.0,0.0,84.387,7.506
547.413,sglang:subprocess,0.0,0.0,84.387,7.623
547.913,sglang:subprocess,0.0,0.0,84.387,7.877
548.414,sglang:subprocess,0.0,0.0,84.388,8.014
548.915,sglang:subprocess,0.0,0.0,84.384,8.131
549.416,sglang:subprocess,0.0,0.0,84.385,8.387
549.916,sglang:subprocess,0.0,0.0,84.385,8.504
550.417,sglang:subprocess,0.0,0.0,84.386,8.758
550.918,sglang:subprocess,0.0,0.0,84.385,8.875
551.418,sglang:subprocess,0.0,0.0,84.385,9.012
551.919,sglang:subprocess,0.0,0.0,84.387,9.266
552.42,sglang:subprocess,0.0,0.0,84.387,9.383
552.92,sglang:subprocess,0.0,0.0,84.388,9.5
553.421,sglang:subprocess,0.0,0.0,84.393,9.91
553.922,sglang:subprocess,0.0,0.0,84.393,10.106
554.423,sglang:subprocess,0.0,0.0,84.394,10.262
554.923,sglang:subprocess,0.0,0.0,84.396,12.078
555.424,sglang:subprocess,0.0,0.0,84.396,12.078
555.925,sglang:subprocess,0.0,0.0,84.401,12.078
556.425,sglang:subprocess,0.0,0.0,84.397,12.449
556.926,sglang:subprocess,0.0,0.0,84.397,12.449
557.427,sglang:subprocess,0.0,0.0,84.397,12.449
557.927,sglang:subprocess,0.0,0.0,84.399,12.449
558.428,sglang:subprocess,0.0,0.0,84.394,12.449
558.929,sglang:subprocess,0.0,0.0,84.394,12.449
559.43,sglang:subprocess,0.0,0.0,84.394,12.449
559.931,sglang:subprocess,0.0,0.0,84.395,12.449
560.431,sglang:subprocess,0.0,0.0,84.393,12.449
560.932,sglang:subprocess,0.0,0.0,84.393,12.449
561.433,sglang:subprocess,0.0,0.0,84.393,12.449
561.933,sglang:subprocess,0.0,0.0,84.394,12.449
562.434,sglang:subprocess,0.0,0.0,84.397,12.449
562.935,sglang:subprocess,0.0,0.0,84.397,12.449
563.435,sglang:subprocess,0.0,0.0,84.397,12.449
563.936,sglang:subprocess,0.0,0.0,84.402,12.449
564.437,sglang:subprocess,0.0,0.0,84.398,12.449
564.938,sglang:subprocess,0.0,0.0,84.433,13.875
565.438,sglang:subprocess,0.0,0.0,84.553,14.795
565.939,sglang:subprocess,0.0,0.0,84.759,7.723
566.44,sglang:subprocess,0.0,0.0,84.977,7.723
566.941,sglang:subprocess,0.0,0.0,84.572,6.18
567.441,sglang:subprocess,0.0,0.0,80.328,6.18
567.942,sglang:subprocess,0.0,0.0,72.73,6.18
568.443,sglang:subprocess,0.0,0.0,66.802,6.18
568.943,sglang:subprocess,0.0,0.0,58.007,6.18
569.444,sglang:subprocess,0.0,0.0,46.447,6.18
569.945,sglang:subprocess,0.0,0.0,35.009,6.18
570.446,sglang:subprocess,0.0,0.0,23.951,6.18
570.947,sglang:subprocess,0.0,0.0,13.677,6.18
571.447,sglang:subprocess,0.0,0.0,9.78,6.17
571.959,sglang:subprocess,0.0,0.0,4.555,0.687
572.459,sglang:subprocess,0.0,0.0,4.408,0.687
572.96,sglang:subprocess,0.0,0.0,4.408,0.687
573.461,sglang:subprocess,0.0,0.0,4.404,0.687
573.961,sglang:subprocess,0.0,0.0,4.403,0.687
574.462,sglang:subprocess,0.0,0.0,4.35,0.687
574.541,init,0.0,0.0,3.515,0.687
