t_rel,phase,hbm_alloc_gib,hbm_peak_gib,host_used_gib,nvml_used_gib
2.998,init,0.0,0.0,3.372,0.687
3.499,init,0.0,0.0,3.378,0.687
4.02,init,0.0,0.0,3.385,0.687
4.564,init,0.0,0.0,3.386,0.687
5.065,init,0.0,0.0,3.388,0.687
5.567,init,0.0,0.0,3.402,0.687
6.073,init,0.0,0.0,3.422,0.687
6.619,init,0.0,0.0,3.448,0.687
7.12,init,0.0,0.0,3.491,0.687
7.622,init,0.0,0.0,3.55,0.687
8.123,init,0.0,0.0,3.58,0.687
8.649,init,0.0,0.0,3.61,0.687
9.153,init,0.0,0.0,3.624,0.687
9.653,load:text_encoder,0.0,0.0,3.773,1.098
10.154,load:text_encoder,0.0,0.0,3.887,1.098
14.281,load:text_encoder,3.142,62.133,3.9,63.234
14.781,load:text_encoder,3.63,62.133,3.901,63.234
15.282,load:text_encoder,3.63,62.133,3.901,63.234
15.783,load:text_encoder,3.63,62.133,3.9,63.234
16.284,load:text_encoder,3.63,62.133,3.901,63.234
16.784,load:text_encoder,3.63,62.133,3.904,63.234
17.285,load:text_encoder,3.63,62.133,3.904,63.234
17.786,load:text_encoder,3.63,62.133,3.904,63.234
18.287,load:text_encoder,3.63,62.133,3.905,63.234
18.787,load:text_encoder,3.63,62.133,3.902,63.234
19.288,load:text_encoder,3.64,62.133,3.9,63.234
19.789,load:text_encoder,3.64,62.133,3.901,63.234
20.29,load:text_encoder,4.05,62.133,3.902,63.234
20.79,load:text_encoder,4.539,62.133,3.902,63.234
21.291,load:text_encoder,4.539,62.133,3.902,63.234
21.792,load:text_encoder,4.539,62.133,3.903,63.234
22.293,load:text_encoder,4.548,62.133,3.904,63.234
22.794,load:text_encoder,4.714,62.133,3.91,63.234
23.294,load:text_encoder,5.447,62.133,3.911,63.234
23.795,load:text_encoder,5.447,62.133,3.911,63.234
24.296,load:text_encoder,5.447,62.133,3.914,63.234
24.797,load:text_encoder,5.457,62.133,3.916,63.234
25.297,load:text_encoder,5.623,62.133,3.915,63.234
25.798,load:text_encoder,6.355,62.133,3.915,63.234
26.299,load:text_encoder,6.355,62.133,3.915,63.234
26.8,load:text_encoder,6.355,62.133,3.916,63.234
27.301,load:text_encoder,6.365,62.133,3.915,63.234
27.801,load:text_encoder,6.365,62.133,3.91,63.234
28.302,load:text_encoder,6.531,62.133,3.91,63.234
28.803,load:text_encoder,7.263,62.133,3.909,63.234
29.303,load:text_encoder,7.263,62.133,3.91,63.234
29.804,load:text_encoder,7.263,62.133,3.944,63.234
30.305,load:text_encoder,7.351,62.133,3.91,63.234
30.806,load:text_encoder,7.429,62.133,3.909,63.234
31.306,load:text_encoder,8.171,62.133,3.91,63.234
31.808,load:text_encoder,8.171,62.133,3.929,63.234
32.309,load:text_encoder,8.172,62.133,3.942,63.234
32.81,load:text_encoder,8.181,62.133,3.925,63.234
33.311,load:text_encoder,8.347,62.133,3.924,63.234
33.811,load:text_encoder,9.08,62.133,3.924,63.234
34.312,load:text_encoder,9.08,62.133,3.926,63.234
34.813,load:text_encoder,9.08,62.133,3.927,63.234
35.314,load:text_encoder,9.168,62.133,3.925,63.234
35.814,load:text_encoder,9.168,62.133,3.927,63.234
36.315,load:text_encoder,9.5,62.133,3.929,63.234
36.816,load:text_encoder,9.988,62.133,3.928,63.234
37.316,load:text_encoder,9.988,62.133,3.927,63.234
37.818,load:text_encoder,9.988,62.133,3.928,63.234
38.318,load:text_encoder,9.998,62.133,3.918,63.234
38.819,load:text_encoder,10.164,62.133,3.921,63.234
39.32,load:text_encoder,10.896,62.133,3.921,63.234
39.821,load:text_encoder,10.896,62.133,3.921,63.234
40.321,load:text_encoder,10.896,62.133,3.922,63.234
40.822,load:text_encoder,10.984,62.133,3.923,63.234
41.323,load:text_encoder,11.062,62.133,3.923,63.234
41.823,load:text_encoder,11.804,62.133,3.926,63.234
42.324,load:text_encoder,11.804,62.133,3.924,63.234
42.825,load:text_encoder,11.804,62.133,3.932,63.234
43.326,load:text_encoder,11.814,62.133,3.932,63.234
43.827,load:text_encoder,11.814,62.133,3.932,63.234
44.328,load:text_encoder,11.98,62.133,3.931,63.234
44.828,load:text_encoder,12.713,62.133,3.933,63.234
45.329,load:text_encoder,12.713,62.133,3.933,63.234
45.83,load:text_encoder,12.801,62.133,3.932,63.234
46.33,load:text_encoder,12.801,62.133,3.93,63.234
46.831,load:text_encoder,13.133,62.133,3.934,63.234
47.332,load:text_encoder,13.621,62.133,3.934,63.234
47.833,load:text_encoder,13.621,62.133,3.933,63.234
48.333,load:text_encoder,13.621,62.133,3.925,63.234
48.835,load:text_encoder,13.709,62.133,3.927,63.234
49.335,load:text_encoder,13.797,62.133,3.927,63.234
49.836,load:text_encoder,14.529,62.133,3.928,63.234
50.337,load:text_encoder,14.529,62.133,3.929,63.234
50.838,load:text_encoder,14.529,62.133,3.929,63.234
51.338,load:text_encoder,14.539,62.133,3.93,63.234
51.839,load:text_encoder,14.539,62.133,3.931,63.234
52.34,load:text_encoder,15.193,62.133,3.929,63.234
52.84,load:text_encoder,15.437,62.133,3.936,63.234
53.341,load:text_encoder,15.437,62.133,3.937,63.234
53.842,load:text_encoder,15.525,62.133,3.937,63.234
54.343,load:text_encoder,15.525,62.133,3.938,63.234
54.844,load:text_encoder,15.613,62.133,3.94,63.234
55.345,load:text_encoder,16.346,62.133,3.939,63.234
55.845,load:text_encoder,16.346,62.133,3.94,63.234
56.346,load:text_encoder,16.346,62.133,3.939,63.234
56.847,load:text_encoder,16.355,62.133,3.941,63.234
57.348,load:text_encoder,16.521,62.133,3.943,63.234
57.848,load:text_encoder,17.254,62.133,3.942,63.234
58.349,load:text_encoder,17.254,62.133,3.943,63.234
58.85,load:text_encoder,17.254,62.133,3.935,63.234
59.35,load:text_encoder,17.342,62.133,3.935,63.234
59.852,load:text_encoder,17.43,62.133,3.936,63.234
60.352,load:text_encoder,18.162,62.133,3.936,63.234
60.853,load:text_encoder,18.162,62.133,3.937,63.234
61.354,load:text_encoder,18.162,62.133,3.938,63.234
61.855,load:text_encoder,18.172,62.133,3.939,63.234
62.355,load:text_encoder,18.172,62.133,3.94,63.234
62.856,load:text_encoder,18.582,62.133,3.944,63.234
63.357,load:text_encoder,19.07,62.133,3.946,63.234
63.857,load:text_encoder,19.07,62.133,3.946,63.234
64.358,load:text_encoder,19.07,62.133,3.948,63.234
64.859,load:text_encoder,19.08,62.133,3.949,63.234
65.36,load:text_encoder,19.246,62.133,3.949,63.234
65.861,load:text_encoder,19.978,62.133,3.949,63.234
66.362,load:text_encoder,19.978,62.133,3.95,63.234
66.862,load:text_encoder,19.978,62.133,3.95,63.234
67.363,load:text_encoder,19.988,62.133,3.949,63.234
67.864,load:text_encoder,20.154,62.133,3.948,63.234
68.365,load:text_encoder,20.887,62.133,3.943,63.234
68.865,load:text_encoder,20.887,62.133,3.947,63.234
69.366,load:text_encoder,20.887,62.133,3.949,63.234
69.867,load:text_encoder,20.896,62.133,3.951,63.234
70.368,load:text_encoder,20.896,62.133,3.95,63.234
70.868,load:text_encoder,21.307,62.133,3.949,63.234
71.37,load:text_encoder,21.795,62.133,3.95,63.234
71.871,load:text_encoder,21.795,62.133,3.953,63.234
72.371,load:text_encoder,21.795,62.133,3.957,63.234
72.872,load:text_encoder,21.805,62.133,3.957,63.234
73.373,load:text_encoder,21.971,62.133,3.957,63.234
73.874,load:text_encoder,22.703,62.133,3.957,63.234
74.374,load:text_encoder,22.703,62.133,3.96,63.234
74.875,load:text_encoder,22.703,62.133,3.962,63.234
75.376,load:text_encoder,22.713,62.133,3.962,63.234
75.877,load:text_encoder,22.879,62.133,3.962,63.234
76.377,load:text_encoder,23.611,62.133,3.962,63.234
76.878,load:text_encoder,23.611,62.133,3.963,63.234
77.379,load:text_encoder,23.611,62.133,3.964,63.234
77.88,load:text_encoder,23.621,62.133,3.964,63.234
78.381,load:text_encoder,23.621,62.133,3.964,63.234
78.881,load:text_encoder,24.031,62.133,3.965,63.234
79.382,load:text_encoder,24.52,62.133,3.956,63.234
79.883,load:text_encoder,24.52,62.133,3.957,63.234
80.384,load:text_encoder,24.607,62.133,3.957,63.234
80.884,load:text_encoder,24.607,62.133,3.957,63.234
81.385,load:text_encoder,24.695,62.133,3.958,63.234
81.886,load:text_encoder,25.428,62.133,3.959,63.234
82.387,load:text_encoder,25.428,62.133,3.964,63.234
82.888,load:text_encoder,25.428,62.133,3.965,63.234
83.389,load:text_encoder,25.516,62.133,3.966,63.234
83.889,load:text_encoder,25.604,62.133,3.966,63.234
84.39,load:text_encoder,26.336,62.133,3.968,63.234
84.891,load:text_encoder,26.336,62.133,3.969,63.234
85.392,load:text_encoder,26.336,62.133,3.97,63.234
85.892,load:text_encoder,26.424,62.133,3.968,63.234
86.393,load:text_encoder,26.502,62.133,3.963,63.234
86.894,load:text_encoder,27.0,62.133,3.964,63.234
87.394,load:text_encoder,27.244,62.133,3.963,63.234
87.895,load:text_encoder,27.244,62.133,3.963,63.234
88.397,load:text_encoder,27.332,62.133,3.961,63.234
88.897,load:text_encoder,27.332,62.133,3.961,63.234
89.398,load:text_encoder,27.664,62.133,3.963,63.234
89.899,load:text_encoder,28.152,62.133,3.965,63.234
90.4,load:text_encoder,28.152,62.133,3.965,63.234
90.9,load:text_encoder,28.152,62.133,3.964,63.234
91.401,load:text_encoder,28.24,62.133,3.963,63.234
91.902,load:text_encoder,28.318,62.133,3.966,63.234
92.403,load:text_encoder,29.061,62.133,3.972,63.234
92.903,load:text_encoder,29.061,62.133,3.972,63.234
93.404,load:text_encoder,29.061,62.133,3.973,63.234
93.905,load:text_encoder,29.07,62.133,3.974,63.234
94.406,load:text_encoder,29.236,62.133,3.975,63.234
94.907,load:text_encoder,29.969,62.133,3.975,63.234
95.408,load:text_encoder,29.969,62.133,3.975,63.234
95.908,load:text_encoder,29.969,62.133,3.977,63.234
96.409,load:text_encoder,30.057,62.133,3.977,63.234
96.91,load:text_encoder,30.057,62.133,3.979,63.234
97.41,load:text_encoder,30.145,62.133,3.979,63.234
97.911,load:text_encoder,30.877,62.133,3.979,63.234
98.412,load:text_encoder,30.877,62.133,3.977,63.234
98.913,load:text_encoder,30.877,62.133,3.978,63.234
99.414,load:text_encoder,30.965,62.133,3.971,63.234
99.915,load:text_encoder,31.053,62.133,3.973,63.234
100.415,load:text_encoder,31.785,62.133,3.972,63.234
100.916,load:text_encoder,31.785,62.133,3.972,63.234
101.417,load:text_encoder,31.785,62.133,3.971,63.234
101.918,load:text_encoder,31.873,62.133,3.973,63.234
102.418,load:text_encoder,31.961,62.133,3.977,63.234
102.919,load:text_encoder,32.694,62.133,3.978,63.234
103.42,load:text_encoder,32.694,62.133,3.978,63.234
103.921,load:text_encoder,32.694,62.133,3.98,63.234
104.421,load:text_encoder,32.781,62.133,3.976,63.234
104.923,load:text_encoder,32.781,62.133,3.977,63.234
105.423,load:text_encoder,32.869,62.133,3.978,63.234
105.924,load:text_encoder,33.602,62.133,3.98,63.234
106.425,load:text_encoder,33.602,62.133,3.98,63.234
106.926,load:text_encoder,33.602,62.133,3.981,63.234
107.426,load:text_encoder,33.69,62.133,3.979,63.234
107.927,load:text_encoder,34.022,62.133,3.98,63.234
108.428,load:text_encoder,34.51,62.133,3.977,63.234
108.929,load:text_encoder,34.51,62.133,3.978,63.234
109.429,load:text_encoder,34.51,62.133,3.977,63.234
109.93,load:text_encoder,34.52,62.133,3.979,63.234
110.431,load:text_encoder,34.686,62.133,3.979,63.234
110.932,load:text_encoder,35.418,62.133,3.978,63.234
111.433,load:text_encoder,35.418,62.133,3.977,63.234
111.933,load:text_encoder,35.418,62.133,3.98,63.234
112.434,load:text_encoder,35.506,62.133,3.984,63.234
112.935,load:text_encoder,35.506,62.133,3.983,63.234
113.436,load:text_encoder,35.838,62.133,3.984,63.234
113.936,load:text_encoder,36.326,62.133,3.986,63.234
114.438,load:text_encoder,36.326,62.133,3.985,63.234
114.938,load:text_encoder,36.336,62.133,3.988,63.234
115.439,load:text_encoder,36.336,62.133,3.987,63.234
115.941,load:text_encoder,36.746,62.133,3.988,63.234
116.441,load:text_encoder,37.235,62.133,3.988,63.234
116.942,load:text_encoder,37.235,62.133,3.99,63.234
117.443,load:text_encoder,37.235,62.133,3.983,63.234
117.944,load:text_encoder,37.323,62.133,3.983,63.234
118.444,load:text_encoder,37.401,62.133,3.981,63.234
118.945,load:text_encoder,38.143,62.133,3.981,63.234
119.446,load:text_encoder,38.143,62.133,3.981,63.234
119.946,load:text_encoder,38.143,62.133,3.986,63.234
120.447,load:text_encoder,38.231,62.133,3.985,63.234
120.948,load:text_encoder,38.309,62.133,3.985,63.234
121.449,load:text_encoder,39.051,62.133,3.985,63.234
121.95,load:text_encoder,39.051,62.133,3.988,63.234
122.451,load:text_encoder,39.051,62.133,3.99,63.234
122.951,load:text_encoder,39.139,62.133,3.99,63.234
123.452,load:text_encoder,39.139,62.133,3.99,63.234
123.953,load:text_encoder,39.227,62.133,3.993,63.234
124.454,load:text_encoder,39.959,62.133,3.995,63.234
124.954,load:text_encoder,39.959,62.133,3.995,63.234
125.455,load:text_encoder,39.959,62.133,3.995,63.234
125.956,load:text_encoder,39.969,62.133,3.996,63.234
126.457,load:text_encoder,40.135,62.133,3.997,63.234
126.957,load:text_encoder,40.868,62.133,3.997,63.234
127.459,load:text_encoder,40.868,62.133,3.997,63.234
127.959,load:text_encoder,40.868,62.133,3.997,63.234
128.46,load:text_encoder,40.877,62.133,3.996,63.234
128.961,load:text_encoder,41.043,62.133,3.996,63.234
129.462,load:text_encoder,41.776,62.133,3.99,63.234
129.962,load:text_encoder,41.776,62.133,3.993,63.234
130.463,load:text_encoder,41.776,62.133,3.99,63.234
130.964,load:text_encoder,41.786,62.133,3.99,63.234
131.465,load:text_encoder,41.786,62.133,3.99,63.234
131.965,load:text_encoder,41.952,62.133,3.992,63.234
132.466,load:text_encoder,42.684,62.133,3.998,63.234
132.967,load:text_encoder,42.684,62.133,3.999,63.234
133.468,load:text_encoder,42.684,62.133,3.998,63.234
133.969,load:text_encoder,42.694,62.133,4.0,63.234
134.47,load:text_encoder,42.86,62.133,4.003,63.234
134.97,load:text_encoder,43.592,62.133,4.001,63.234
135.471,load:text_encoder,43.592,62.133,4.002,63.234
135.972,load:text_encoder,43.592,62.133,4.003,63.234
136.473,load:text_encoder,43.602,62.133,4.003,63.234
136.973,load:text_encoder,43.768,62.133,4.005,63.234
137.474,load:text_encoder,44.5,62.133,4.003,63.234
137.975,load:text_encoder,44.5,62.133,4.004,63.234
138.476,load:text_encoder,44.5,62.133,3.998,63.234
138.977,load:text_encoder,44.588,62.133,3.998,63.234
139.478,load:text_encoder,44.588,62.133,3.997,63.234
139.979,load:text_encoder,44.92,62.133,3.999,63.234
140.479,load:text_encoder,45.409,62.133,3.999,63.234
140.98,load:text_encoder,45.409,62.133,3.998,63.234
141.481,load:text_encoder,45.497,62.133,3.998,63.234
141.981,load:text_encoder,45.497,62.133,3.999,63.234
142.482,load:text_encoder,45.584,62.133,4.003,63.234
142.983,load:text_encoder,46.317,62.133,4.004,63.234
143.484,load:text_encoder,46.317,62.133,4.005,63.234
143.985,load:text_encoder,46.317,62.133,4.005,63.234
144.486,load:text_encoder,46.405,62.133,4.004,63.234
144.986,load:text_encoder,46.493,62.133,4.006,63.234
145.487,load:text_encoder,47.225,62.133,4.006,63.234
145.988,load:text_encoder,47.225,62.133,4.005,63.234
146.489,load:text_encoder,47.225,62.133,4.006,63.234
146.989,load:text_encoder,47.235,62.133,4.009,63.234
147.49,load:text_encoder,47.235,62.133,4.008,63.234
147.991,load:text_encoder,48.133,62.133,4.001,63.234
148.491,load:text_encoder,48.133,62.133,4.002,63.234
148.992,load:text_encoder,48.133,62.133,4.0,63.234
149.494,load:text_encoder,48.143,62.133,4.0,63.234
149.994,load:text_encoder,48.143,62.133,4.004,63.234
150.495,load:text_encoder,48.553,62.133,4.004,63.234
150.996,load:text_encoder,49.042,62.133,4.003,63.234
151.497,load:text_encoder,49.042,62.133,4.003,63.234
151.997,load:text_encoder,49.042,62.133,4.004,63.234
152.498,load:text_encoder,49.129,62.133,4.009,63.234
152.999,load:text_encoder,49.217,62.133,4.01,63.234
153.5,load:text_encoder,49.95,62.133,4.01,63.234
154.0,load:text_encoder,49.95,62.133,4.01,63.234
154.501,load:text_encoder,49.95,62.133,4.012,63.234
155.003,load:text_encoder,49.96,62.133,4.01,63.234
155.503,load:text_encoder,50.126,62.133,4.011,63.234
156.004,load:text_encoder,50.858,62.133,4.011,63.234
156.505,load:text_encoder,50.858,62.133,4.009,63.234
157.005,load:text_encoder,50.858,62.133,4.01,63.234
157.506,load:text_encoder,50.868,62.133,4.009,63.234
158.007,load:text_encoder,50.868,62.133,4.009,63.234
158.508,load:text_encoder,51.034,62.133,4.01,63.234
159.008,load:text_encoder,51.766,62.133,4.009,63.234
159.509,load:text_encoder,51.766,62.133,4.01,63.234
160.01,load:text_encoder,51.766,62.133,4.012,63.234
160.511,load:text_encoder,51.776,62.133,4.012,63.234
161.012,load:text_encoder,51.942,62.133,4.01,63.234
161.513,load:text_encoder,52.674,62.133,4.01,63.234
162.014,load:text_encoder,52.674,62.133,4.012,63.234
162.514,load:text_encoder,52.674,62.133,4.021,63.234
163.015,load:text_encoder,52.762,62.133,4.02,63.234
163.516,load:text_encoder,52.85,62.133,4.017,63.234
164.017,load:text_encoder,53.583,62.133,4.018,63.234
164.517,load:text_encoder,53.583,62.133,4.022,63.234
165.018,load:text_encoder,53.583,62.133,4.022,63.234
165.519,load:text_encoder,53.592,62.133,4.021,63.234
166.02,load:text_encoder,53.592,62.133,4.021,63.234
166.521,load:text_encoder,53.758,62.133,4.022,63.234
167.022,load:text_encoder,54.491,62.133,4.023,63.234
167.522,load:text_encoder,54.491,62.133,4.022,63.234
168.023,load:text_encoder,54.491,62.133,4.022,63.234
168.524,load:text_encoder,54.501,62.133,4.024,63.234
169.025,load:text_encoder,54.911,62.133,4.022,63.234
169.525,load:text_encoder,55.399,62.133,4.018,63.234
170.026,load:text_encoder,55.399,62.133,4.018,63.234
170.527,load:text_encoder,55.399,62.133,4.018,63.234
171.028,load:text_encoder,55.409,62.133,4.02,63.234
171.529,load:text_encoder,55.575,62.133,4.02,63.234
172.03,load:text_encoder,56.307,62.133,4.021,63.234
172.53,load:text_encoder,56.307,62.133,4.025,63.234
173.031,load:text_encoder,56.307,62.133,4.024,63.234
173.532,load:text_encoder,56.317,62.133,4.023,63.234
174.033,load:text_encoder,56.317,62.133,4.024,63.234
174.533,load:text_encoder,56.727,62.133,4.026,63.234
175.034,load:text_encoder,57.216,62.133,4.026,63.234
175.535,load:text_encoder,57.216,62.133,4.027,63.234
176.036,load:text_encoder,57.303,62.133,4.026,63.234
176.536,load:text_encoder,57.303,62.133,4.025,63.234
177.037,load:text_encoder,57.635,62.133,4.027,63.234
177.538,load:text_encoder,58.124,62.133,4.026,63.234
178.039,load:text_encoder,58.124,62.133,4.025,63.234
178.54,load:text_encoder,58.124,62.133,4.026,63.234
179.041,load:text_encoder,58.134,62.133,4.027,63.234
179.541,load:text_encoder,58.3,62.133,4.029,63.234
180.042,load:text_encoder,59.032,62.133,4.028,63.234
180.543,load:text_encoder,59.032,62.133,4.028,63.234
181.044,load:text_encoder,59.032,62.133,4.026,63.234
181.544,load:text_encoder,59.042,62.133,4.026,63.234
182.045,load:text_encoder,59.042,62.133,4.027,63.234
182.546,load:text_encoder,59.94,62.133,4.029,63.234
183.047,load:text_encoder,59.94,62.133,4.03,63.234
183.548,load:text_encoder,59.94,62.133,4.03,63.234
184.049,load:text_encoder,59.95,62.133,4.031,63.234
184.55,load:text_encoder,59.95,62.133,4.031,63.234
185.05,load:text_encoder,60.116,62.133,4.032,63.234
185.551,load:text_encoder,60.848,62.133,4.031,63.234
186.052,load:text_encoder,60.848,62.133,4.032,63.234
186.553,load:text_encoder,60.848,62.133,4.032,63.234
187.054,load:text_encoder,60.936,62.133,4.032,63.234
187.555,load:text_encoder,61.024,62.133,4.032,63.234
188.056,load:text_encoder,61.1,62.133,4.031,63.234
188.556,load:text_encoder,61.28,62.133,4.032,63.234
189.057,load:text_encoder,61.441,62.133,4.032,63.234
189.558,load:text_encoder,61.611,62.133,4.034,63.234
190.059,load:text_encoder,61.781,62.133,4.034,63.236
190.559,load:text_encoder,61.958,62.133,4.036,63.236
191.06,load:text_encoder,62.125,62.133,4.035,63.236
192.288,load:text_encoder,62.133,62.133,3.913,63.236
192.793,load:text_encoder,62.133,62.133,3.988,63.236
193.294,run:text_encoder,62.133,62.133,4.065,63.311
193.795,run:text_encoder,62.133,62.133,4.066,63.311
194.295,run:text_encoder,62.142,62.142,4.255,63.346
194.806,load:vae_encoder,0.008,62.161,4.397,3.637
195.307,load:vae_encoder,0.219,62.161,4.397,3.637
195.807,load:vae_encoder,0.469,62.161,4.396,3.637
196.308,load:vae_encoder,0.72,62.161,4.396,3.637
196.809,load:vae_encoder,0.97,62.161,4.397,3.637
197.31,load:vae_encoder,1.22,62.161,4.397,3.637
197.81,load:vae_encoder,1.329,62.161,4.398,3.637
198.311,load:vae_encoder,1.532,62.161,4.398,3.637
198.812,load:vae_encoder,1.72,62.161,4.399,3.637
199.313,load:vae_encoder,1.97,62.161,4.399,3.637
199.814,load:vae_encoder,2.048,62.161,4.399,3.637
200.314,load:vae_encoder,2.22,62.161,4.398,3.637
200.815,load:vae_encoder,2.47,62.161,4.399,3.762
201.316,load:vae_encoder,2.564,62.161,4.401,3.777
201.817,load:vae_encoder,2.783,62.161,4.4,3.996
202.317,load:vae_encoder,2.971,62.161,4.401,4.184
202.818,load:vae_encoder,3.08,62.161,4.403,4.293
203.319,load:vae_encoder,3.283,62.161,4.404,4.498
203.82,load:vae_encoder,3.471,62.161,4.404,4.686
204.321,load:vae_encoder,3.596,62.161,4.404,4.811
204.821,load:vae_encoder,3.784,62.161,4.405,4.998
205.322,load:vae_encoder,3.971,62.161,4.406,5.186
205.823,load:vae_encoder,4.221,62.161,4.404,5.436
206.324,load:vae_encoder,4.284,62.161,4.403,5.498
206.824,load:vae_encoder,4.471,62.161,4.403,5.686
207.325,load:vae_encoder,4.722,62.161,4.405,5.936
207.831,load:vae_encoder,4.722,62.161,4.397,5.936
208.331,load:vae_encoder,4.972,62.161,4.396,6.186
208.832,load:vae_encoder,5.222,62.161,4.4,6.436
209.333,load:vae_encoder,5.285,62.161,4.399,6.498
209.834,load:vae_encoder,5.472,62.161,4.4,6.686
210.334,load:vae_encoder,5.722,62.161,4.4,6.936
210.835,load:vae_encoder,5.8,62.161,4.399,7.014
211.336,load:vae_encoder,5.972,62.161,4.4,7.186
211.837,load:vae_encoder,6.223,62.161,4.399,7.436
212.338,load:vae_encoder,6.316,62.161,4.4,7.529
212.838,load:vae_encoder,6.535,62.161,4.401,7.748
213.339,load:vae_encoder,6.723,62.161,4.4,7.938
213.84,load:vae_encoder,6.832,62.161,4.402,8.047
214.341,load:vae_encoder,7.035,62.161,4.403,8.25
214.841,load:vae_encoder,7.223,62.161,4.403,8.438
215.342,load:vae_encoder,7.348,62.161,4.403,8.563
215.843,load:vae_encoder,7.536,62.161,4.403,8.75
216.344,load:vae_encoder,7.723,62.161,4.405,8.938
216.844,load:vae_encoder,7.973,62.161,4.404,9.188
217.346,load:vae_encoder,8.036,62.161,4.407,9.25
217.846,load:vae_encoder,8.224,62.161,4.407,9.438
218.347,load:vae_encoder,8.474,62.161,4.407,9.688
218.848,load:vae_encoder,8.552,62.161,4.407,9.766
219.349,load:vae_encoder,8.724,62.161,4.408,9.938
219.849,load:vae_encoder,8.974,62.161,4.408,10.188
220.35,load:vae_encoder,9.073,62.161,4.408,10.27
220.851,load:vae_encoder,9.264,62.161,4.408,10.481
221.351,load:vae_encoder,9.504,62.161,4.399,10.721
221.852,load:vae_encoder,9.611,62.161,4.399,10.826
222.353,load:vae_encoder,9.717,62.161,4.398,10.932
222.854,load:vae_encoder,9.811,62.161,4.403,11.074
223.355,load:vae_encoder,10.046,62.161,4.405,11.262
223.856,load:vae_encoder,10.284,62.161,4.406,11.488
224.356,load:denoise,0.072,62.161,4.403,32.061
224.857,load:denoise,0.662,62.161,4.403,32.061
225.358,load:denoise,0.662,62.161,4.404,32.061
225.859,load:denoise,0.734,62.161,4.404,32.061
226.359,load:denoise,0.878,62.161,4.405,32.061
226.86,load:denoise,1.236,62.161,4.404,32.061
227.361,load:denoise,1.236,62.161,4.405,32.061
227.862,load:denoise,1.38,62.161,4.342,32.061
228.363,load:denoise,1.865,62.161,4.341,32.063
228.864,load:denoise,1.865,62.161,4.34,32.063
229.365,load:denoise,1.936,62.161,4.339,32.063
229.866,load:denoise,2.08,62.161,4.339,32.063
230.366,load:denoise,2.439,62.161,4.338,32.063
230.867,load:denoise,2.439,62.161,4.338,32.063
231.368,load:denoise,2.582,62.161,4.339,32.063
231.869,load:denoise,3.067,62.161,4.34,32.063
232.37,load:denoise,3.067,62.161,4.34,32.063
232.87,load:denoise,3.139,62.161,4.34,32.063
233.371,load:denoise,3.282,62.161,4.339,32.063
233.872,load:denoise,3.641,62.161,4.341,32.063
234.372,load:denoise,3.641,62.161,4.34,32.063
234.873,load:denoise,3.785,62.161,4.341,32.063
235.374,load:denoise,4.0,62.161,4.343,32.063
235.875,load:denoise,4.359,62.161,4.344,32.063
236.375,load:denoise,4.359,62.161,4.344,32.063
236.876,load:denoise,4.503,62.161,4.345,32.063
237.377,load:denoise,4.987,62.161,4.338,32.063
237.877,load:denoise,4.987,62.161,4.338,32.063
238.378,load:denoise,4.987,62.161,4.339,32.063
238.879,load:denoise,5.472,62.161,4.338,32.063
239.38,load:denoise,5.472,62.161,4.338,32.063
239.88,load:denoise,5.544,62.161,4.339,32.063
240.381,load:denoise,5.687,62.161,4.34,32.063
240.882,load:denoise,6.046,62.161,4.338,32.063
241.383,load:denoise,6.046,62.161,4.337,32.063
241.884,load:denoise,6.19,62.161,4.339,32.063
242.384,load:denoise,6.675,62.161,4.342,32.063
242.885,load:denoise,6.675,62.161,4.342,32.063
243.386,load:denoise,6.746,62.161,4.342,32.063
243.887,load:denoise,6.89,62.161,4.342,32.063
244.387,load:denoise,7.249,62.161,4.342,32.063
244.888,load:denoise,7.249,62.161,4.342,32.063
245.389,load:denoise,7.392,62.161,4.342,32.063
245.89,load:denoise,7.877,62.161,4.345,32.063
246.39,load:denoise,7.877,62.161,4.345,32.063
246.891,load:denoise,7.877,62.161,4.346,32.063
247.392,load:denoise,8.092,62.161,4.345,32.063
247.893,load:denoise,8.451,62.161,4.346,32.063
248.394,load:denoise,8.451,62.161,4.347,32.063
248.894,load:denoise,8.595,62.161,4.346,32.063
249.395,load:denoise,8.738,62.161,4.347,32.063
249.908,load:denoise,8.882,62.161,4.34,32.063
250.409,load:denoise,9.367,62.161,4.34,32.063
250.91,load:denoise,9.367,62.161,4.34,32.063
251.411,load:denoise,9.438,62.161,4.34,32.063
251.911,load:denoise,9.654,62.161,4.342,32.063
252.412,load:denoise,9.941,62.161,4.338,32.063
252.913,load:denoise,9.941,62.161,4.337,32.063
253.414,load:denoise,10.156,62.161,4.338,32.063
253.914,load:denoise,10.641,62.161,4.34,32.063
254.415,load:denoise,10.641,62.161,4.34,32.063
254.916,load:denoise,10.641,62.161,4.34,32.063
255.417,load:denoise,10.928,62.161,4.341,32.063
255.918,load:denoise,11.072,62.161,4.342,32.063
256.418,load:denoise,11.556,62.161,4.341,32.063
256.919,load:denoise,11.556,62.161,4.341,32.063
257.42,load:denoise,11.556,62.161,4.342,32.063
257.92,load:denoise,11.7,62.161,4.342,32.063
258.421,load:denoise,11.843,62.161,4.343,32.063
258.922,load:denoise,12.13,62.161,4.343,32.063
259.423,load:denoise,12.274,62.161,4.343,32.063
259.924,load:denoise,12.759,62.161,4.346,32.063
260.425,load:denoise,12.759,62.161,4.342,32.063
260.925,load:denoise,12.759,62.161,4.342,32.063
261.426,load:denoise,12.902,62.161,4.342,32.063
261.927,load:denoise,13.046,62.161,4.343,32.063
262.428,load:denoise,13.333,62.161,4.345,32.063
262.928,load:denoise,13.476,62.161,4.345,32.063
263.429,load:denoise,13.961,62.161,4.338,32.065
263.93,load:denoise,13.961,62.161,4.338,32.065
264.43,load:denoise,13.961,62.161,4.342,32.065
264.931,load:denoise,14.105,62.161,4.342,32.065
265.432,load:denoise,14.464,62.161,4.341,32.065
265.933,load:denoise,14.464,62.161,4.341,32.065
266.433,load:denoise,14.607,62.161,4.341,32.065
266.934,load:denoise,15.092,62.161,4.341,32.065
267.435,load:denoise,15.092,62.161,4.342,32.065
267.936,load:denoise,15.092,62.161,4.343,32.065
268.437,load:denoise,15.307,62.161,4.338,32.065
268.938,load:denoise,15.666,62.161,4.338,32.065
269.438,load:denoise,15.666,62.161,4.338,32.065
269.939,load:denoise,15.81,62.161,4.338,32.065
270.44,load:denoise,16.294,62.161,4.34,32.065
270.941,load:denoise,16.294,62.161,4.34,32.065
271.441,load:denoise,16.294,62.161,4.339,32.065
271.942,load:denoise,16.51,62.161,4.339,32.065
272.443,load:denoise,16.869,62.161,4.345,32.065
272.944,load:denoise,16.869,62.161,4.346,32.065
273.445,load:denoise,17.012,62.161,4.346,32.065
273.945,load:denoise,17.156,62.161,4.346,32.065
274.446,load:denoise,17.299,62.161,4.347,32.065
274.947,load:denoise,17.586,62.161,4.347,32.065
275.447,load:denoise,17.73,62.161,4.347,32.065
275.948,load:denoise,18.215,62.161,4.34,32.065
276.449,load:denoise,18.215,62.161,4.34,32.065
276.949,load:denoise,18.215,62.161,4.341,32.065
277.45,load:denoise,18.699,62.161,4.343,32.065
277.951,load:denoise,18.699,62.161,4.343,32.065
278.452,load:denoise,18.699,62.161,4.337,32.065
278.952,load:denoise,18.843,62.161,4.337,32.065
279.453,load:denoise,19.273,62.161,4.339,32.065
279.954,load:denoise,19.273,62.161,4.339,32.065
280.455,load:denoise,19.417,62.161,4.338,32.065
280.956,load:denoise,19.902,62.161,4.337,32.065
281.457,load:denoise,19.902,62.161,4.338,32.065
281.957,load:denoise,19.902,62.161,4.338,32.065
282.458,load:denoise,20.045,62.161,4.345,32.065
282.959,load:denoise,20.476,62.161,4.346,32.065
283.459,load:denoise,20.476,62.161,4.345,32.065
283.96,load:denoise,20.619,62.161,4.345,32.065
284.461,load:denoise,21.104,62.161,4.346,32.065
284.962,load:denoise,21.104,62.161,4.345,32.065
285.463,load:denoise,21.104,62.161,4.344,32.065
285.964,load:denoise,21.248,62.161,4.345,32.065
286.464,load:denoise,21.678,62.161,4.348,32.065
286.965,load:denoise,21.678,62.161,4.348,32.065
287.466,load:denoise,21.822,62.161,4.347,32.065
287.967,load:denoise,21.966,62.161,4.348,32.065
288.467,load:denoise,22.109,62.161,4.342,32.065
288.968,load:denoise,22.594,62.161,4.335,32.065
289.469,load:denoise,22.594,62.161,4.335,32.065
289.97,load:denoise,22.881,62.161,4.336,32.065
290.47,load:denoise,22.881,62.161,4.338,32.065
290.971,load:denoise,23.024,62.161,4.337,32.065
291.472,load:denoise,23.509,62.161,4.338,32.065
291.972,load:denoise,23.509,62.161,4.337,32.065
292.473,load:denoise,23.509,62.161,4.341,32.065
292.974,load:denoise,23.653,62.161,4.345,32.065
293.475,load:denoise,23.796,62.161,4.35,32.065
293.976,load:denoise,24.083,62.161,4.351,32.065
294.477,load:denoise,24.227,62.161,4.354,32.065
294.977,load:denoise,24.712,62.161,4.354,32.065
295.478,load:denoise,24.712,62.161,4.354,32.065
295.979,load:denoise,24.712,62.161,4.354,32.065
296.48,load:denoise,24.855,62.161,4.354,32.065
296.98,load:denoise,24.999,62.161,4.355,32.065
297.481,load:denoise,25.286,62.161,4.358,32.065
297.982,load:denoise,25.429,62.161,4.357,32.065
298.483,load:denoise,25.914,62.161,4.35,32.067
298.984,load:denoise,25.914,62.161,4.351,32.067
299.485,load:denoise,25.914,62.161,4.35,32.067
299.985,load:denoise,26.058,62.161,4.35,32.067
300.487,load:denoise,26.201,62.161,4.352,32.067
300.988,load:denoise,26.488,62.161,4.351,32.067
301.489,load:denoise,26.632,62.161,4.352,32.067
302.053,load:denoise,26.704,62.161,4.343,32.067
302.553,load:denoise,27.188,62.161,4.351,32.067
303.054,load:denoise,27.188,62.161,4.351,32.067
303.555,load:denoise,27.26,62.161,4.354,32.067
304.056,load:denoise,27.691,62.161,4.354,32.067
304.556,load:denoise,27.691,62.161,4.352,32.067
305.057,load:denoise,27.834,62.161,4.354,32.067
305.558,load:denoise,28.319,62.161,4.354,32.067
306.059,load:denoise,28.319,62.161,4.354,32.067
306.56,load:denoise,28.319,62.161,4.355,32.067
307.061,load:denoise,28.463,62.161,4.357,32.067
307.561,load:denoise,28.893,62.161,4.358,32.067
308.062,load:denoise,28.893,62.161,4.358,32.067
308.563,load:denoise,29.037,62.161,4.349,32.067
309.064,load:denoise,29.521,62.161,4.351,32.067
309.564,load:denoise,29.521,62.161,4.351,32.067
310.065,load:denoise,29.521,62.161,4.351,32.067
310.566,load:denoise,29.665,62.161,4.349,32.067
311.067,load:denoise,30.096,62.161,4.352,32.067
311.568,load:denoise,30.096,62.161,4.352,32.067
312.069,load:denoise,30.239,62.161,4.354,32.067
312.57,load:denoise,30.383,62.161,4.36,32.067
313.07,load:denoise,30.526,62.161,4.361,32.067
313.571,load:denoise,30.814,62.161,4.361,32.067
314.072,load:denoise,30.958,62.161,4.361,32.211
314.573,load:denoise,31.443,62.161,4.355,32.697
315.073,load:denoise,31.443,62.161,4.356,32.697
315.574,load:denoise,31.443,62.161,4.356,32.697
316.075,load:denoise,31.927,62.161,4.357,33.184
316.575,load:denoise,31.927,62.161,4.358,33.184
317.076,load:denoise,31.927,62.161,4.358,33.184
317.577,load:denoise,32.072,62.161,4.357,33.328
318.078,load:denoise,32.216,62.161,4.357,33.473
318.579,load:denoise,32.504,62.161,4.358,33.76
319.08,load:denoise,32.648,62.161,4.357,33.904
319.58,load:denoise,33.133,62.161,4.355,34.391
320.081,load:denoise,33.133,62.161,4.356,34.391
320.582,load:denoise,33.133,62.161,4.356,34.391
321.083,load:denoise,33.277,62.161,4.357,34.535
321.583,load:denoise,33.422,62.161,4.357,34.68
322.084,load:denoise,33.709,62.161,4.358,34.967
322.585,load:denoise,33.854,62.161,4.358,35.111
323.086,load:denoise,34.338,62.161,4.358,35.598
323.587,load:denoise,34.338,62.161,4.359,35.598
324.088,load:denoise,34.338,62.161,4.358,35.598
324.588,load:denoise,34.483,62.161,4.359,35.742
325.089,load:denoise,34.627,62.161,4.359,35.887
325.59,load:denoise,34.914,62.161,4.36,36.174
326.091,load:denoise,35.059,62.161,4.358,36.318
326.591,load:denoise,35.131,62.161,4.36,36.391
327.092,load:denoise,35.348,62.161,4.361,36.608
327.593,load:denoise,35.833,62.161,4.354,37.094
328.094,load:denoise,35.833,62.161,4.355,37.094
328.594,load:denoise,35.833,62.161,4.35,37.094
329.095,load:denoise,36.12,62.161,4.35,37.381
329.596,load:denoise,36.264,62.161,4.351,37.526
330.097,load:denoise,36.749,62.161,4.351,38.014
330.597,load:denoise,36.749,62.161,4.349,38.014
331.098,load:denoise,36.749,62.161,4.35,38.014
331.599,load:denoise,36.894,62.161,4.35,38.158
332.1,load:denoise,37.038,62.161,4.351,38.303
332.601,load:denoise,37.325,62.161,4.357,38.59
333.102,load:denoise,37.47,62.161,4.359,38.734
333.602,load:denoise,37.954,62.161,4.359,39.221
334.103,load:denoise,37.954,62.161,4.358,39.221
334.604,load:denoise,37.954,62.161,4.359,39.221
335.104,load:denoise,38.099,62.161,4.361,39.365
335.605,load:denoise,38.243,62.161,4.362,39.51
336.106,load:denoise,38.531,62.161,4.363,39.797
336.607,load:denoise,38.675,62.161,4.356,39.942
337.108,load:denoise,39.16,62.161,4.356,40.428
337.609,load:denoise,39.16,62.161,4.357,40.428
338.11,load:denoise,39.16,62.161,4.356,40.428
338.61,load:denoise,39.304,62.161,4.355,40.572
339.111,load:denoise,39.449,62.161,4.357,40.717
339.612,load:denoise,39.736,62.161,4.358,41.004
340.113,load:denoise,39.881,62.161,4.357,41.149
340.613,load:denoise,39.953,62.161,4.357,41.221
341.114,load:denoise,40.438,62.161,4.351,41.707
341.615,load:denoise,40.438,62.161,4.354,41.707
342.115,load:denoise,40.51,62.161,4.355,41.779
342.616,load:denoise,40.654,62.161,4.363,41.924
343.117,load:denoise,40.941,62.161,4.363,42.211
343.618,load:denoise,41.086,62.161,4.362,42.356
344.118,load:denoise,41.571,62.161,4.363,42.842
344.619,load:denoise,41.571,62.161,4.364,42.842
345.121,load:denoise,41.571,62.161,4.364,42.842
345.621,load:denoise,41.715,62.161,4.364,42.986
346.122,load:denoise,41.86,62.161,4.364,43.131
346.623,load:denoise,42.147,62.161,4.363,43.418
347.124,load:denoise,42.291,62.161,4.363,43.563
347.624,load:denoise,42.776,62.161,4.364,44.049
348.125,load:denoise,42.776,62.161,4.362,44.049
348.626,load:denoise,42.776,62.161,4.354,44.049
349.127,load:denoise,42.848,62.161,4.354,44.121
349.627,load:denoise,43.065,62.161,4.356,44.338
350.129,load:denoise,43.352,62.161,4.356,44.625
350.629,load:denoise,43.497,62.161,4.355,44.77
351.13,load:denoise,43.569,62.161,4.355,44.842
351.631,load:denoise,43.714,62.161,4.358,44.986
352.132,load:denoise,44.073,62.161,4.358,45.346
352.632,load:denoise,44.073,62.161,4.365,45.346
353.223,load:denoise,44.217,62.161,4.358,45.49
353.723,load:denoise,44.702,62.161,4.362,45.977
354.224,load:denoise,44.702,62.161,4.36,45.977
354.725,load:denoise,45.187,62.161,4.35,46.463
355.226,load:denoise,45.187,62.161,4.35,46.463
355.726,load:denoise,45.187,62.161,4.35,46.463
356.227,load:denoise,45.331,62.161,4.351,46.608
356.728,load:denoise,45.476,62.161,4.353,46.752
357.229,load:denoise,45.763,62.161,4.353,47.039
357.73,load:denoise,45.908,62.161,4.351,47.184
358.231,load:denoise,46.392,62.161,4.349,47.67
358.731,load:denoise,46.392,62.161,4.351,47.67
359.232,load:denoise,46.392,62.161,4.35,47.67
359.733,load:denoise,46.537,62.161,4.352,47.815
360.234,load:denoise,46.681,62.161,4.354,47.959
360.734,load:denoise,46.968,62.161,4.355,48.246
361.235,load:denoise,47.113,62.161,4.354,48.391
361.736,load:denoise,47.598,62.161,4.357,48.877
362.236,load:denoise,47.598,62.161,4.357,48.877
362.737,load:denoise,47.598,62.161,4.365,48.877
363.239,load:denoise,47.742,62.161,4.364,49.022
363.739,load:denoise,47.887,62.161,4.366,49.166
364.24,load:denoise,48.174,62.161,4.366,49.453
364.741,load:denoise,48.318,62.161,4.364,49.598
365.241,load:denoise,48.391,62.161,4.364,49.67
365.742,load:denoise,48.607,62.161,4.365,49.887
366.243,load:denoise,49.092,62.161,4.358,50.375
366.744,load:denoise,49.092,62.161,4.359,50.375
367.244,load:denoise,49.092,62.161,4.36,50.375
367.745,load:denoise,49.379,62.161,4.362,50.662
368.246,load:denoise,49.524,62.161,4.359,50.807
368.747,load:denoise,50.008,62.161,4.353,51.293
369.247,load:denoise,50.008,62.161,4.354,51.293
369.748,load:denoise,50.008,62.161,4.355,51.293
370.25,load:denoise,50.081,62.161,4.361,51.365
370.75,load:denoise,50.297,62.161,4.355,51.582
371.251,load:denoise,50.585,62.161,4.356,51.869
371.752,load:denoise,50.729,62.161,4.358,52.014
372.253,load:denoise,51.214,62.161,4.361,52.5
372.753,load:denoise,51.214,62.161,4.364,52.5
373.254,load:denoise,51.214,62.161,4.364,52.5
373.755,load:denoise,51.286,62.161,4.366,52.572
374.256,load:denoise,51.503,62.161,4.374,52.789
374.756,load:denoise,51.79,62.161,4.364,53.076
375.257,load:denoise,51.935,62.161,4.366,53.221
375.758,load:denoise,52.419,62.161,4.367,53.707
376.259,load:denoise,52.419,62.161,4.372,53.707
376.76,load:denoise,52.419,62.161,4.367,53.707
377.26,load:denoise,52.492,62.161,4.368,53.779
377.761,load:denoise,52.708,62.161,4.368,53.996
378.262,load:denoise,52.995,62.161,4.373,54.283
378.763,load:denoise,53.14,62.161,4.368,54.428
379.264,load:denoise,53.212,62.161,4.363,54.5
379.764,load:denoise,53.697,62.161,4.359,54.986
380.265,load:denoise,53.697,62.161,4.359,54.986
380.766,load:denoise,53.697,62.161,4.353,54.986
381.267,load:denoise,53.914,62.161,4.354,55.203
381.767,load:denoise,54.201,62.161,4.354,55.49
382.268,load:denoise,54.201,62.161,4.359,55.49
382.769,load:denoise,54.83,62.161,4.359,56.121
383.27,load:denoise,54.83,62.161,4.36,56.121
383.771,load:denoise,54.83,62.161,4.36,56.121
384.354,load:denoise,54.902,62.161,4.375,56.193
384.855,load:denoise,55.119,62.161,4.36,56.41
385.356,load:denoise,55.406,62.161,4.361,56.697
385.856,load:denoise,55.551,62.161,4.363,56.842
386.357,load:denoise,56.035,62.161,4.358,57.328
386.858,load:denoise,56.035,62.161,4.357,57.328
387.359,load:denoise,56.035,62.161,4.358,57.328
387.859,load:denoise,56.18,62.161,4.361,57.473
388.36,load:denoise,56.325,62.161,4.358,57.617
388.861,load:denoise,56.612,62.161,4.358,57.904
389.362,load:denoise,56.756,62.161,4.358,58.049
389.863,load:denoise,56.828,62.161,4.359,58.121
390.363,load:denoise,57.045,62.161,4.358,58.338
390.864,load:denoise,57.332,62.161,4.359,58.625
391.365,load:denoise,57.332,62.161,4.36,58.625
391.904,load:denoise,57.477,62.161,4.353,58.77
392.405,load:denoise,57.694,62.161,4.354,58.986
392.906,load:denoise,58.053,62.161,4.356,59.346
393.407,load:denoise,58.053,62.161,4.356,59.346
393.907,load:denoise,58.198,62.161,4.358,59.49
394.408,load:denoise,58.414,62.161,4.355,59.707
394.909,load:denoise,58.774,62.161,4.356,60.067
395.409,load:denoise,58.774,62.161,4.355,60.067
395.91,load:denoise,58.918,62.161,4.355,60.211
396.411,load:denoise,59.403,62.161,4.357,60.697
396.912,load:denoise,59.403,62.161,4.357,60.697
397.413,load:denoise,59.403,62.161,4.356,60.697
397.914,load:denoise,59.888,62.161,4.358,61.184
398.414,load:denoise,59.888,62.161,4.356,61.184
398.915,load:denoise,59.96,62.161,4.357,61.256
399.416,load:denoise,60.104,62.161,4.358,61.401
399.917,load:denoise,60.464,62.161,4.358,61.76
400.417,load:denoise,60.464,62.161,4.358,61.76
400.918,load:denoise,60.608,62.161,4.359,61.904
401.419,load:denoise,61.093,62.161,4.359,62.393
401.92,load:denoise,61.093,62.161,4.359,62.393
402.421,load:denoise,61.165,62.161,4.364,62.465
402.922,load:denoise,61.31,62.161,4.365,62.609
403.422,load:denoise,61.669,62.161,4.364,62.969
403.923,load:denoise,61.669,62.161,4.364,62.969
404.424,load:denoise,61.814,62.161,4.371,63.113
404.925,run:denoise,62.99,68.155,4.477,72.338
405.425,run:denoise,65.391,68.155,4.477,72.338
405.926,run:denoise,62.99,68.155,4.474,72.338
406.427,run:denoise,65.391,68.155,4.476,72.338
406.927,run:denoise,62.99,68.155,4.476,72.338
407.428,run:denoise,63.368,68.155,4.476,72.338
407.929,run:denoise,62.99,68.155,4.477,72.338
408.43,run:denoise,62.99,68.155,4.474,72.338
408.931,run:denoise,62.99,68.155,4.474,72.338
409.432,run:denoise,62.99,68.155,4.475,72.338
409.932,run:denoise,64.879,68.155,4.475,72.338
410.433,run:denoise,62.99,68.155,4.474,72.338
410.934,run:denoise,64.502,68.155,4.475,72.338
411.435,run:denoise,62.99,68.155,4.476,72.338
411.935,run:denoise,65.761,68.155,4.476,72.338
412.436,run:denoise,62.99,68.155,4.477,72.338
412.937,run:denoise,65.649,68.155,4.478,72.338
413.438,run:denoise,62.99,68.155,4.478,72.338
413.939,run:denoise,64.893,68.155,4.478,72.338
414.44,run:denoise,62.99,68.155,4.476,72.338
414.94,run:denoise,63.381,68.155,4.476,72.338
415.441,run:denoise,61.842,68.155,4.48,72.338
415.942,run:denoise,61.842,68.155,4.479,72.338
416.443,run:denoise,61.842,68.155,4.479,72.338
416.943,run:denoise,61.842,68.155,4.479,72.338
417.444,run:denoise,61.842,68.155,4.481,72.338
417.945,run:denoise,61.842,68.155,4.481,72.338
418.446,run:denoise,61.842,68.155,4.481,72.338
418.946,run:denoise,61.842,68.155,4.482,72.338
419.448,run:denoise,61.842,68.155,4.481,72.338
419.948,run:denoise,61.842,68.155,4.481,72.338
420.449,run:denoise,61.842,68.155,4.48,72.338
420.95,run:denoise,61.842,68.155,4.48,72.338
421.451,run:denoise,61.842,68.155,4.48,72.338
422.071,free:denoise,0.037,68.155,4.48,72.338
422.572,load:decode,0.811,68.155,4.48,32.065
423.073,load:decode,1.608,68.155,4.484,32.065
423.573,load:decode,4.062,68.155,4.488,32.065
424.074,load:decode,5.751,68.155,4.481,32.065
424.575,load:decode,9.141,68.155,4.489,32.067
425.076,load:decode,9.737,68.155,4.481,32.067
425.577,run:decode,10.314,68.155,4.583,32.098
426.078,run:decode,14.946,68.155,4.694,32.102
426.579,run:decode,14.991,68.155,4.695,32.102
427.079,run:decode,15.038,68.155,4.695,32.102
427.58,run:decode,15.137,68.155,4.695,32.102
428.081,run:decode,15.097,68.155,4.696,32.102
428.582,run:decode,15.138,68.155,4.696,32.102
429.082,run:decode,15.203,68.155,4.695,32.102
429.584,run:decode,15.261,68.155,4.696,32.102
430.084,run:decode,15.333,68.155,4.696,32.102
430.585,run:decode,15.387,68.155,4.692,32.102
431.086,run:decode,15.452,68.155,4.691,32.102
431.587,run:decode,15.531,68.155,4.691,32.102
432.087,run:decode,15.383,68.155,4.692,32.102
432.588,run:decode,15.461,68.155,4.693,32.102
433.089,run:decode,15.554,68.155,4.693,32.102
433.59,run:decode,15.602,68.155,4.693,32.102
434.09,run:decode,15.683,68.155,4.694,32.102
434.591,run:decode,15.584,68.155,4.696,32.102
435.093,run:decode,15.634,68.155,4.695,32.102
435.593,run:decode,15.703,68.155,4.695,32.102
436.094,run:decode,15.793,68.155,4.695,32.102
436.595,run:decode,15.627,68.155,4.694,32.102
437.096,run:decode,15.726,68.155,4.694,32.102
437.596,run:decode,15.791,68.155,4.694,32.102
438.097,run:decode,15.863,68.155,4.694,32.102
438.598,run:decode,15.715,68.155,4.695,32.102
439.098,run:decode,15.808,68.155,4.695,32.102
439.599,run:decode,15.865,68.155,4.694,32.102
440.1,run:decode,15.94,68.155,4.694,32.102
440.601,run:decode,11.745,68.155,4.911,32.102
441.102,run:decode,11.745,68.155,5.877,32.102
441.603,run:decode,11.745,68.155,6.508,32.102
442.104,run:decode,11.745,68.155,7.333,32.102
442.604,run:decode,11.745,68.155,7.887,32.102
443.105,run:decode,11.745,68.155,8.29,32.102
443.606,run:decode,11.745,68.155,8.712,32.102
444.107,run:decode,11.745,68.155,6.484,32.102
444.607,run:decode,11.745,68.155,6.708,32.102
445.108,run:decode,11.745,68.155,6.927,32.102
445.727,free:decode,0.038,68.155,5.285,32.117
446.228,encode_mp4,0.038,68.155,5.685,32.074
446.729,encode_mp4,0.038,68.155,5.931,32.074
447.23,encode_mp4,0.038,68.155,6.187,32.074
447.731,encode_mp4,0.038,68.155,6.204,32.074
448.233,encode_mp4,0.038,68.155,6.206,32.074
448.734,encode_mp4,0.038,68.155,6.083,32.074
449.235,encode_mp4,0.038,68.155,6.21,32.074
449.605,init,0.038,68.155,5.314,32.074
